VIN,Listing_Make,Listing_Model,Listing_Trim,Listing_Model_Detail,Listing_Year,Mileage,City,State,Listing_Date,Price,Condition,Seller_Type,VHR_Link,Listing_Exterior_Color,Listing_Interior_Color,Listing_Transmission,Listing_Transmission_Detail,Listing_Title,Listing_URL,Listing_Engine_Size,Listing_Description,Sold_Status,Sold_Date,Listing_Body_Type,Listing_Drivetrain
VIN,Listing_Make,Listing_Model,Listing_Trim,Listing_Model_Detail,Listing_Year,Mileage,City,State,Listing_Date,Price,Condition,Seller_Type,VHR_Link,Listing_Exterior_Color,Listing_Interior_Color,Listing_Transmission,Listing_Transmission_Detail,Listing_Title,Listing_URL,Listing_Engine_Size,Listing_Description,Sold_Status,Sold_Date,Listing_Body_Type,Listing_Drivetrain
VIN,Listing_Make,Listing_Model,Listing_Trim,Listing_Model_Detail,Listing_Year,Mileage,City,State,Listing_Date,Price,Condition,Seller_Type,VHR_Link,Listing_Exterior_Color,Listing_Interior_Color,Listing_Transmission,Listing_Transmission_Detail,Listing_Title,Listing_URL,Listing_Engine_Size,Listing_Description,Sold_Status,Sold_Date,Listing_Body_Type,Listing_Drivetrain
WP1AB2A59FLB43099,Porsche,Macan,S,Macan S,2015,13565,Virginia Beach,VA,"9-22-2017, 4:40",$48998.0,Used,Dealership,https://www.carmax.com/car/14904995/vehicle-history,Black,Black,Automatic,,2015 Porsche Macan,https://www.carmax.com/car/14904995,3.0L,"Premium Package
 Power Liftgate/DeckLid
 4WD/AWD
 Turbo Charged Engine
 Leather Seats
 Satellite Radio Ready
 Parking Sensors
 Rear View Camera
 Panoramic Sunroof
 Navigation System
 Front Seat Heaters
 Auxiliary Audio Input
 Cruise Control
 Alloy Wheels
 Overhead Airbags
 Traction Control
 Side Airbags
 Memory Seat(s)
 A/C Seat(s)
 Rear Seat Heaters
 AM/FM Stereo
 Rear Defroster
 Air Conditioning
 Power Windows
 ABS Brakes
 Power Locks
 CD Audio
 Power Mirrors
 Automatic Transmission
 Power Seat(s)
 Bluetooth
 SiriusXM Trial Avail
 Smart Key
 ",0,"9-22-2017, 4:40",,4WD
WP0AA2A99FS106311,Porsche,911,Carrera,911 Carrera,2015,19788,Dulles,VA,"9-22-2017, 4:40",$69998.0,Used,Dealership,https://www.carmax.com/car/15053754/vehicle-history,Gray,Black,Automatic,,2015 Porsche 911,https://www.carmax.com/car/15053754,3.4L,"Premium Package
 Sport Package
 Full Leather Interior
 Rear View Camera
 Parking Sensors
 Front Seat Heaters
 Navigation System
 Panoramic Sunroof
 Alloy Wheels
 Rear Spoiler
 Memory Seat(s)
 Satellite Radio Ready
 Traction Control
 Cruise Control
 Auxiliary Audio Input
 Side Airbags
 AM/FM Stereo
 Rear Defroster
 Air Conditioning
 ABS Brakes
 Power Locks
 CD Audio
 Power Windows
 Power Mirrors
 Automatic Transmission
 Power Seat(s)
 Bluetooth
 SiriusXM Trial Avail
 Smart Key
 2WD
 Bose Sound System
 ",0,"9-22-2017, 4:40",,2WD
WP0AF2A79DL076394,Porsche,Panamera,GTS,Panamera GTS,2013,49911,Dulles,VA,"9-22-2017, 4:40",$55998.0,Used,Dealership,https://www.carmax.com/car/14451355/vehicle-history,Red,Black,Automatic,,2013 Porsche Panamera,https://www.carmax.com/car/14451355,4.8L,"4WD/AWD
 Power Liftgate/DeckLid
 Leather &amp; Suede Seats
 Parking Sensors
 Rear View Camera
 Navigation System
 Front Seat Heaters
 Sunroof(s)
 Satellite Radio Ready
 Auxiliary Audio Input
 Memory Seat(s)
 Overhead Airbags
 ABS Brakes
 Alloy Wheels
 CD Audio
 Power Locks
 Side Airbags
 Traction Control
 20 Inch Plus Wheels
 Air Conditioning
 Power Mirrors
 Cruise Control
 Rear Defroster
 AM/FM Stereo
 Power Windows
 Rear Spoiler
 Automatic Transmission
 Power Seat(s)
 Bluetooth
 SiriusXM Trial Avail
 Blind Spot Monitor
 Smart Key
 Bose Sound System
 ",0,"9-22-2017, 4:40",,4WD
WP1AA2A27ELA09974,Porsche,Cayenne,,Cayenne,2014,22957,Woodbridge,VA,"9-22-2017, 4:40",$43998.0,Used,Dealership,https://www.carmax.com/car/14803731/vehicle-history,Black,Black,Automatic,,2014 Porsche Cayenne,https://www.carmax.com/car/14803731,3.6L,"Power Liftgate/DeckLid
 4WD/AWD
 Leather Seats
 Satellite Radio Ready
 Parking Sensors
 Rear View Camera
 Sunroof(s)
 Navigation System
 Tow Hitch
 Front Seat Heaters
 Auxiliary Audio Input
 Cruise Control
 Alloy Wheels
 Overhead Airbags
 Traction Control
 Side Airbags
 Memory Seat(s)
 AM/FM Stereo
 Rear Defroster
 Air Conditioning
 Power Windows
 ABS Brakes
 Power Locks
 CD Audio
 Power Mirrors
 Automatic Transmission
 Power Seat(s)
 Bluetooth
 SiriusXM Trial Avail
 Bose Sound System
 ",0,"9-22-2017, 4:40",,4WD
WP1AE2A22GLA17410,Porsche,Cayenne Hybrid,S,Cayenne Hybrid S,2016,11201,Dulles,VA,"9-22-2017, 4:40",$65998.0,Used,Dealership,https://www.carmax.com/car/14608691/vehicle-history,Black,Tan,Automatic,,2016 Porsche Cayenne Hybrid,https://www.carmax.com/car/14608691,3.0L,"Power Liftgate/DeckLid
 4WD/AWD
 Turbo Charged Engine
 Leather Seats
 Satellite Radio Ready
 Parking Sensors
 Rear View Camera
 Panoramic Sunroof
 Navigation System
 Front Seat Heaters
 Auxiliary Audio Input
 Cruise Control
 Alloy Wheels
 Overhead Airbags
 Traction Control
 Side Airbags
 Memory Seat(s)
 A/C Seat(s)
 AM/FM Stereo
 Rear Defroster
 Air Conditioning
 Power Windows
 ABS Brakes
 Power Locks
 CD Audio
 Power Mirrors
 Automatic Transmission
 Power Seat(s)
 Bluetooth
 SiriusXM Trial Avail
 Smart Key
 Bose Sound System
 ",0,"9-22-2017, 4:40",,4WD
WP1AB2A55FLB57629,Porsche,Macan,S,Macan S,2015,38671,Virginia Beach,VA,"9-22-2017, 4:40",$44998.0,Used,Dealership,https://www.carmax.com/car/14904242/vehicle-history,Black,Black,Automatic,,2015 Porsche Macan,https://www.carmax.com/car/14904242,3.0L,"Premium Package
 Power Liftgate/DeckLid
 4WD/AWD
 Turbo Charged Engine
 Leather Seats
 Satellite Radio Ready
 Parking Sensors
 Rear View Camera
 Navigation System
 Tow Hitch
 Front Seat Heaters
 Auxiliary Audio Input
 Cruise Control
 Alloy Wheels
 Overhead Airbags
 Traction Control
 Side Airbags
 Full Roof Rack
 Memory Seat(s)
 AM/FM Stereo
 Rear Defroster
 Air Conditioning
 Power Windows
 ABS Brakes
 Power Locks
 CD Audio
 Power Mirrors
 Automatic Transmission
 Power Seat(s)
 Bluetooth
 SiriusXM Trial Avail
 ",0,"9-22-2017, 4:40",,4WD
WP1AB2A29ELA58378,Porsche,Cayenne,S,Cayenne S,2014,53464,Newport News,VA,"9-22-2017, 4:40",$41998.0,Used,Dealership,https://www.carmax.com/car/14904870/vehicle-history,Blue,Tan,Automatic,,2014 Porsche Cayenne,https://www.carmax.com/car/14904870,4.8L,"Power Liftgate/DeckLid
 4WD/AWD
 Leather Seats
 Satellite Radio Ready
 Parking Sensors
 Rear View Camera
 Panoramic Sunroof
 Navigation System
 Tow Hitch
 Front Seat Heaters
 Auxiliary Audio Input
 Cruise Control
 Alloy Wheels
 Overhead Airbags
 Traction Control
 Side Airbags
 Memory Seat(s)
 A/C Seat(s)
 Rear Seat Heaters
 AM/FM Stereo
 Rear Defroster
 Air Conditioning
 Power Windows
 ABS Brakes
 Power Locks
 CD Audio
 Power Mirrors
 Rear Sunshade
 Automatic Transmission
 Power Seat(s)
 Bluetooth
 SiriusXM Trial Avail
 Smart Key
 Bose Sound System
 ",0,"9-22-2017, 4:40",,4WD
WP1AA2A25ELA05146,Porsche,Cayenne,,Cayenne,2014,49939,Ellicott City,MD,"9-22-2017, 4:40",$38899.0,Used,Dealership,https://www.carmax.com/car/14904872/vehicle-history,Brown,Tan,Automatic,,2014 Porsche Cayenne,https://www.carmax.com/car/14904872,3.6L,"Premium Package
 Power Liftgate/DeckLid
 4WD/AWD
 Leather Seats
 Satellite Radio Ready
 Parking Sensors
 Rear View Camera
 Panoramic Sunroof
 Navigation System
 Front Seat Heaters
 Auxiliary Audio Input
 Cruise Control
 Alloy Wheels
 Overhead Airbags
 Traction Control
 Side Airbags
 Memory Seat(s)
 A/C Seat(s)
 Rear Seat Heaters
 AM/FM Stereo
 Rear Defroster
 Air Conditioning
 Power Windows
 ABS Brakes
 Power Locks
 CD Audio
 Power Mirrors
 Rear Sunshade
 Automatic Transmission
 Power Seat(s)
 Bluetooth
 SiriusXM Trial Avail
 Bose Sound System
 ",0,"9-22-2017, 4:40",,4WD
WP1AA2A29ELA91917,Porsche,Cayenne,Platinum,Cayenne Platinum,2014,49271,Virginia Beach,VA,"9-22-2017, 4:40",$37998.0,Used,Dealership,https://www.carmax.com/car/14802832/vehicle-history,Gray,Black,Automatic,,2014 Porsche Cayenne,https://www.carmax.com/car/14802832,3.6L,"Premium Package
 Convenience Package
 Power Liftgate/DeckLid
 4WD/AWD
 Leather Seats
 Satellite Radio Ready
 Parking Sensors
 Rear View Camera
 Panoramic Sunroof
 Navigation System
 Tow Hitch
 Front Seat Heaters
 Auxiliary Audio Input
 Cruise Control
 Alloy Wheels
 Overhead Airbags
 Traction Control
 Side Airbags
 Memory Seat(s)
 AM/FM Stereo
 Rear Defroster
 Air Conditioning
 Power Windows
 ABS Brakes
 Power Locks
 CD Audio
 Power Mirrors
 Automatic Transmission
 Power Seat(s)
 Bluetooth
 SiriusXM Trial Avail
 Blind Spot Monitor
 Bose Sound System
 ",0,"9-22-2017, 4:40",,4WD
WP1AA2A22ELA94710,Porsche,Cayenne,Platinum,Cayenne Platinum,2014,13824,Dulles,VA,"9-22-2017, 4:40",$46998.0,Used,Dealership,https://www.carmax.com/car/14996127/vehicle-history,Black,Black,Automatic,,2014 Porsche Cayenne,https://www.carmax.com/car/14996127,3.6L,"Power Liftgate/DeckLid
 4WD/AWD
 Leather Seats
 Satellite Radio Ready
 Parking Sensors
 Rear View Camera
 Panoramic Sunroof
 Navigation System
 Front Seat Heaters
 Auxiliary Audio Input
 Cruise Control
 Alloy Wheels
 Overhead Airbags
 Traction Control
 Side Airbags
 Memory Seat(s)
 AM/FM Stereo
 Rear Defroster
 Air Conditioning
 Power Windows
 ABS Brakes
 Power Locks
 CD Audio
 Power Mirrors
 Automatic Transmission
 Power Seat(s)
 Bluetooth
 SiriusXM Trial Avail
 Bose Sound System
 ",0,"9-22-2017, 4:40",,4WD
WP1AB2A51FLB54601,Porsche,Macan,S,Macan S,2015,41009,Laurel,MD,"9-22-2017, 4:40",$47899.0,Used,Dealership,https://www.carmax.com/car/14927813/vehicle-history,Black,Black,Automatic,,2015 Porsche Macan,https://www.carmax.com/car/14927813,3.0L,"Premium Package
 Power Liftgate/DeckLid
 Auto Cruise Control
 4WD/AWD
 Turbo Charged Engine
 Leather Seats
 Satellite Radio Ready
 Parking Sensors
 Rear View Camera
 Panoramic Sunroof
 Navigation System
 Front Seat Heaters
 Auxiliary Audio Input
 Alloy Wheels
 Overhead Airbags
 Traction Control
 Side Airbags
 20 Inch Plus Wheels
 Memory Seat(s)
 A/C Seat(s)
 Rear Seat Heaters
 AM/FM Stereo
 Rear Defroster
 Air Conditioning
 Power Windows
 ABS Brakes
 Power Locks
 CD Audio
 Power Mirrors
 Rear Sunshade
 Automatic Transmission
 Power Seat(s)
 Bluetooth
 SiriusXM Trial Avail
 Smart Key
 Lane Departure Warning
 ",0,"9-22-2017, 4:40",,4WD
WP1AA2A22ELA90057,Porsche,Cayenne,Platinum,Cayenne Platinum,2014,37529,Frederick,MD,"9-22-2017, 4:40",$44899.0,Used,Dealership,https://www.carmax.com/car/14904288/vehicle-history,Black,Tan,Automatic,,2014 Porsche Cayenne,https://www.carmax.com/car/14904288,3.6L,"Power Liftgate/DeckLid
 4WD/AWD
 Leather Seats
 Satellite Radio Ready
 Parking Sensors
 Rear View Camera
 Sunroof(s)
 Navigation System
 Tow Hitch
 Front Seat Heaters
 Auxiliary Audio Input
 Cruise Control
 Alloy Wheels
 Overhead Airbags
 Traction Control
 Side Airbags
 Memory Seat(s)
 A/C Seat(s)
 AM/FM Stereo
 Rear Defroster
 Air Conditioning
 Power Windows
 ABS Brakes
 Power Locks
 CD Audio
 Power Mirrors
 Automatic Transmission
 Power Seat(s)
 Bluetooth
 SiriusXM Trial Avail
 Smart Key
 Bose Sound System
 ",0,"9-22-2017, 4:40",,4WD
WP1AB2A52FLB64344,Porsche,Macan,S,Macan S,2015,22231,Frederick,MD,"9-22-2017, 4:40",$46899.0,Used,Dealership,https://www.carmax.com/car/14549281/vehicle-history,Black,Black,Automatic,,2015 Porsche Macan,https://www.carmax.com/car/14549281,3.0L,"Premium Package
 Power Liftgate/DeckLid
 4WD/AWD
 Turbo Charged Engine
 Leather Seats
 Satellite Radio Ready
 Parking Sensors
 Rear View Camera
 Navigation System
 Front Seat Heaters
 Auxiliary Audio Input
 Cruise Control
 Alloy Wheels
 Overhead Airbags
 Traction Control
 Side Airbags
 Memory Seat(s)
 Rear Seat Heaters
 AM/FM Stereo
 Rear Defroster
 Air Conditioning
 Power Windows
 ABS Brakes
 Power Locks
 CD Audio
 Power Mirrors
 Automatic Transmission
 Power Seat(s)
 Bluetooth
 SiriusXM Trial Avail
 ",0,"9-22-2017, 4:40",,4WD
WP0CB2A84CS730218,Porsche,Boxster,S Black Edition,Boxster S Black Edition,2012,17872,Mechanicsburg,PA,"9-22-2017, 4:40",$42998.0,Used,Dealership,https://www.carmax.com/car/14619135/vehicle-history,Silver,Brown,Manual,,2012 Porsche Boxster,https://www.carmax.com/car/14619135,3.4L,"Soft Top
 Leather Seats
 Front Seat Heaters
 Navigation System
 Alloy Wheels
 Rear Spoiler
 Memory Seat(s)
 Satellite Radio Ready
 Traction Control
 Cruise Control
 Auxiliary Audio Input
 Side Airbags
 AM/FM Stereo
 Rear Defroster
 Air Conditioning
 ABS Brakes
 Power Locks
 CD Audio
 Power Windows
 Power Mirrors
 Manual Transmission
 Power Seat(s)
 Bluetooth
 Convenience Package
 SiriusXM Trial Avail
 2WD
 Bose Sound System
 ",0,"9-22-2017, 4:40",,2WD
WP0AA2A75DL015008,Porsche,Panamera,,Panamera,2013,41128,Orlando,FL,"9-22-2017, 4:40",$45998.0,Used,Dealership,https://www.carmax.com/car/15155410/vehicle-history,Black,Black,Automatic,,2013 Porsche Panamera,https://www.carmax.com/car/15155410,3.6L,"Platinum Edition
 Power Liftgate/DeckLid
 Leather Seats
 Parking Sensors
 Rear View Camera
 Navigation System
 Front Seat Heaters
 A/C Seat(s)
 Sunroof(s)
 Satellite Radio Ready
 Auxiliary Audio Input
 Memory Seat(s)
 Rear Seat Heaters
 Overhead Airbags
 ABS Brakes
 Alloy Wheels
 CD Audio
 Power Locks
 Side Airbags
 Traction Control
 20 Inch Plus Wheels
 Air Conditioning
 Power Mirrors
 Cruise Control
 Rear Defroster
 AM/FM Stereo
 Power Windows
 Rear Spoiler
 Automatic Transmission
 Power Seat(s)
 Bluetooth
 SiriusXM Trial Avail
 Rear A/C Seat(s)
 2WD
 Bose Sound System
 ",0,"9-22-2017, 4:40",,2WD
WP0CB29867U730770,Porsche,Boxster,S,Boxster S,2007,37888,Schaumburg,IL,"9-22-2017, 4:40",$27998.0,Used,Dealership,https://www.carmax.com/car/14808909/vehicle-history,Black,Black,Automatic,,2007 Porsche Boxster,https://www.carmax.com/car/14808909,3.4L,"Hard Top
 Soft Top
 Leather Seats
 Front Seat Heaters
 Navigation System
 Alloy Wheels
 Rear Spoiler
 Traction Control
 Cruise Control
 Side Airbags
 AM/FM Stereo
 Rear Defroster
 Air Conditioning
 ABS Brakes
 Power Locks
 CD Audio
 Power Windows
 Power Mirrors
 Automatic Transmission
 Preferred Package
 2WD
 Bose Sound System
 ",0,"9-22-2017, 4:40",,2WD
WP1AB2A58GLB50269,Porsche,Macan,S,Macan S,2016,20715,Rochester,NY,"9-22-2017, 4:40",$54998.0,Used,Dealership,https://www.carmax.com/car/14606412/vehicle-history,Black,Black,Automatic,,2016 Porsche Macan,https://www.carmax.com/car/14606412,3.0L,"Premium Package
 Power Liftgate/DeckLid
 4WD/AWD
 Turbo Charged Engine
 Leather Seats
 Satellite Radio Ready
 Parking Sensors
 Rear View Camera
 Panoramic Sunroof
 Navigation System
 Front Seat Heaters
 Auxiliary Audio Input
 Cruise Control
 Alloy Wheels
 Overhead Airbags
 Traction Control
 Side Airbags
 20 Inch Plus Wheels
 Memory Seat(s)
 A/C Seat(s)
 Rear Seat Heaters
 AM/FM Stereo
 Rear Defroster
 Air Conditioning
 Power Windows
 ABS Brakes
 Power Locks
 CD Audio
 Power Mirrors
 Automatic Transmission
 Power Seat(s)
 Bluetooth
 SiriusXM Trial Avail
 Smart Key
 ",0,"9-22-2017, 4:40",,4WD
WP1AB2A27ELA56726,Porsche,Cayenne,S,Cayenne S,2014,45377,Salisbury,MD,"9-22-2017, 4:40",$43998.0,Used,Dealership,https://www.carmax.com/car/14996125/vehicle-history,Blue,Tan,Automatic,,2014 Porsche Cayenne,https://www.carmax.com/car/14996125,4.8L,"Power Liftgate/DeckLid
 4WD/AWD
 Leather Seats
 Parking Sensors
 Rear View Camera
 Sunroof(s)
 Navigation System
 Tow Hitch
 Front Seat Heaters
 Auxiliary Audio Input
 Cruise Control
 Alloy Wheels
 Overhead Airbags
 Traction Control
 Side Airbags
 Memory Seat(s)
 AM/FM Stereo
 Rear Defroster
 Air Conditioning
 Power Windows
 ABS Brakes
 Power Locks
 CD Audio
 Power Mirrors
 Automatic Transmission
 Power Seat(s)
 Bluetooth
 Blind Spot Monitor
 Lane Departure Warning
 ",0,"9-22-2017, 4:40",,4WD
WP0AB2A96FS124780,Porsche,911,Carrera GTS,911 Carrera GTS,2015,8362,Tampa,FL,"9-22-2017, 4:40",$98998.0,Used,Dealership,https://www.carmax.com/car/14807969/vehicle-history,Black,Black,Automatic,,2015 Porsche 911,https://www.carmax.com/car/14807969,3.8L,"Sport Package
 Full Leather Interior
 Front Seat Heaters
 Navigation System
 Sunroof(s)
 Alloy Wheels
 Memory Seat(s)
 20 Inch Plus Wheels
 Satellite Radio Ready
 Traction Control
 Cruise Control
 Auxiliary Audio Input
 Side Airbags
 AM/FM Stereo
 Rear Defroster
 Air Conditioning
 ABS Brakes
 Power Locks
 CD Audio
 Power Windows
 Power Mirrors
 Automatic Transmission
 Power Seat(s)
 Bluetooth
 SiriusXM Trial Avail
 2WD
 Bose Sound System
 ",0,"9-22-2017, 4:40",,2WD
WP1AA2A20GLA10709,Porsche,Cayenne,,Cayenne,2016,23852,Costa Mesa,CA,"9-22-2017, 4:52",$50998.0,Used,Dealership,https://www.carmax.com/car/14875750/vehicle-history,Black,Black,Automatic,,2016 Porsche Cayenne,https://www.carmax.com/car/14875750,3.6L,"Premium Package
 Power Liftgate/DeckLid
 4WD/AWD
 Leather Seats
 Satellite Radio Ready
 Parking Sensors
 Rear View Camera
 Sunroof(s)
 Navigation System
 Front Seat Heaters
 Auxiliary Audio Input
 Adjustable Suspension
 Cruise Control
 Alloy Wheels
 Overhead Airbags
 Traction Control
 Side Airbags
 AM/FM Stereo
 Rear Defroster
 Air Conditioning
 Power Windows
 ABS Brakes
 Power Locks
 CD Audio
 Power Mirrors
 Automatic Transmission
 Power Seat(s)
 Bluetooth
 ",0,"9-22-2017, 4:52",,4WD
WP0AB2A76CL060728,Porsche,Panamera,S,Panamera S,2012,41427,Los Angeles,CA,"9-22-2017, 4:52",$40998.0,Used,Dealership,https://www.carmax.com/car/14705116/vehicle-history,Burgundy,Tan,Automatic,,2012 Porsche Panamera,https://www.carmax.com/car/14705116,4.8L,"Premium Package
 Power Liftgate/DeckLid
 Leather Seats
 Parking Sensors
 Navigation System
 Front Seat Heaters
 Sunroof(s)
 Auxiliary Audio Input
 Memory Seat(s)
 Overhead Airbags
 ABS Brakes
 Alloy Wheels
 CD Audio
 Power Locks
 Side Airbags
 Traction Control
 20 Inch Plus Wheels
 Air Conditioning
 Power Mirrors
 Cruise Control
 Rear Defroster
 AM/FM Stereo
 Power Windows
 Rear Spoiler
 Automatic Transmission
 Power Seat(s)
 Bluetooth
 SiriusXM Trial Avail
 Rear A/C Seat(s)
 2WD
 Bose Sound System
 ",0,"9-22-2017, 4:52",,2WD
WP1AB2A55FLB54794,Porsche,Macan,S,Macan S,2015,24556,Los Angeles,CA,"9-22-2017, 4:52",$49998.0,Used,Dealership,https://www.carmax.com/car/15154812/vehicle-history,White,Black,Automatic,,2015 Porsche Macan,https://www.carmax.com/car/15154812,3.0L,"Premium Package
 Power Liftgate/DeckLid
 4WD/AWD
 Turbo Charged Engine
 Leather Seats
 Satellite Radio Ready
 Parking Sensors
 Rear View Camera
 Panoramic Sunroof
 Navigation System
 Front Seat Heaters
 Auxiliary Audio Input
 Cruise Control
 Alloy Wheels
 Overhead Airbags
 Traction Control
 Side Airbags
 Memory Seat(s)
 Rear Seat Heaters
 AM/FM Stereo
 Rear Defroster
 Air Conditioning
 Power Windows
 ABS Brakes
 Power Locks
 CD Audio
 Power Mirrors
 Automatic Transmission
 Power Seat(s)
 Bluetooth
 SiriusXM Trial Avail
 ",0,"9-22-2017, 4:52",,4WD
WP1AB2A52GLB43270,Porsche,Macan,S,Macan S,2016,29827,Irvine,CA,"9-22-2017, 4:52",$48998.0,Used,Dealership,https://www.carmax.com/car/15052461/vehicle-history,Gray,Black,Automatic,,2016 Porsche Macan,https://www.carmax.com/car/15052461,3.0L,"Power Liftgate/DeckLid
 4WD/AWD
 Turbo Charged Engine
 Leather &amp; Suede Seats
 Satellite Radio Ready
 Parking Sensors
 Rear View Camera
 Panoramic Sunroof
 Navigation System
 Front Seat Heaters
 Auxiliary Audio Input
 Cruise Control
 Alloy Wheels
 Overhead Airbags
 Traction Control
 Side Airbags
 Memory Seat(s)
 A/C Seat(s)
 Rear Seat Heaters
 AM/FM Stereo
 Rear Defroster
 Air Conditioning
 Power Windows
 ABS Brakes
 Power Locks
 CD Audio
 Power Mirrors
 Automatic Transmission
 Power Seat(s)
 Bluetooth
 SiriusXM Trial Avail
 ",0,"9-22-2017, 4:52",,4WD
WP1AF2A55FLB91672,Porsche,Macan,Turbo,Macan Turbo,2015,40244,Irvine,CA,"9-22-2017, 4:52",$54998.0,Used,Dealership,https://www.carmax.com/car/14842766/vehicle-history,White,Black,Automatic,,2015 Porsche Macan,https://www.carmax.com/car/14842766,3.6L,"Premium Package
 Power Liftgate/DeckLid
 4WD/AWD
 Turbo Charged Engine
 Full Leather Interior
 Satellite Radio Ready
 Parking Sensors
 Rear View Camera
 Panoramic Sunroof
 Navigation System
 Front Seat Heaters
 Auxiliary Audio Input
 Adjustable Suspension
 Cruise Control
 Alloy Wheels
 Overhead Airbags
 Traction Control
 Side Airbags
 20 Inch Plus Wheels
 Memory Seat(s)
 A/C Seat(s)
 AM/FM Stereo
 Rear Defroster
 Air Conditioning
 Power Windows
 ABS Brakes
 Power Locks
 CD Audio
 Power Mirrors
 Automatic Transmission
 Power Seat(s)
 Bluetooth
 SiriusXM Trial Avail
 Smart Key
 Bose Sound System
 ",0,"9-22-2017, 4:52",,4WD
WP0CB2A82DS133036,Porsche,Boxster,S,Boxster S,2013,17935,Duarte,CA,"9-22-2017, 4:52",$46998.0,Used,Dealership,https://www.carmax.com/car/15100387/vehicle-history,Silver,Red,Automatic,,2013 Porsche Boxster,https://www.carmax.com/car/15100387,3.4L,"Soft Top
 Premium Package
 Leather Seats
 Front Seat Heaters
 Navigation System
 Alloy Wheels
 A/C Seat(s)
 Memory Seat(s)
 20 Inch Plus Wheels
 Satellite Radio Ready
 Traction Control
 Cruise Control
 Auxiliary Audio Input
 Side Airbags
 AM/FM Stereo
 Rear Defroster
 Air Conditioning
 ABS Brakes
 Power Locks
 CD Audio
 Power Windows
 Power Mirrors
 Automatic Transmission
 Power Seat(s)
 Bluetooth
 Convenience Package
 SiriusXM Trial Avail
 2WD
 Bose Sound System
 ",0,"9-22-2017, 4:52",,2WD
WP1AD2A22ELA74075,Porsche,Cayenne,GTS,Cayenne GTS,2014,23480,Irvine,CA,"9-22-2017, 4:52",$59998.0,Used,Dealership,https://www.carmax.com/car/15143053/vehicle-history,Black,Black,Automatic,,2014 Porsche Cayenne,https://www.carmax.com/car/15143053,4.8L,"Power Liftgate/DeckLid
 4WD/AWD
 Leather Seats
 Satellite Radio Ready
 Parking Sensors
 Rear View Camera
 Panoramic Sunroof
 Navigation System
 Tow Hitch
 Front Seat Heaters
 Auxiliary Audio Input
 Cruise Control
 Alloy Wheels
 Overhead Airbags
 Traction Control
 Side Airbags
 20 Inch Plus Wheels
 Memory Seat(s)
 AM/FM Stereo
 Rear Defroster
 Air Conditioning
 Power Windows
 ABS Brakes
 Power Locks
 CD Audio
 Power Mirrors
 Rear Sunshade
 Automatic Transmission
 Power Seat(s)
 Bluetooth
 SiriusXM Trial Avail
 Smart Key
 Bose Sound System
 ",0,"9-22-2017, 4:52",,4WD
WP1AB2A5XFLB64169,Porsche,Macan,S,Macan S,2015,42384,Los Angeles,CA,"9-22-2017, 4:52",$45998.0,Used,Dealership,https://www.carmax.com/car/15046022/vehicle-history,White,Black,Automatic,,2015 Porsche Macan,https://www.carmax.com/car/15046022,3.0L,"Premium Package
 Power Liftgate/DeckLid
 4WD/AWD
 Turbo Charged Engine
 Leather Seats
 Satellite Radio Ready
 Parking Sensors
 Rear View Camera
 Panoramic Sunroof
 Navigation System
 Front Seat Heaters
 Auxiliary Audio Input
 Cruise Control
 Alloy Wheels
 Overhead Airbags
 Traction Control
 Side Airbags
 20 Inch Plus Wheels
 Memory Seat(s)
 A/C Seat(s)
 Rear Seat Heaters
 AM/FM Stereo
 Rear Defroster
 Air Conditioning
 Power Windows
 ABS Brakes
 Power Locks
 CD Audio
 Power Mirrors
 Rear Sunshade
 Automatic Transmission
 Power Seat(s)
 Bluetooth
 SiriusXM Trial Avail
 Smart Key
 ",0,"9-22-2017, 4:52",,4WD
WP1AD2A22DLA73507,Porsche,Cayenne,GTS,Cayenne GTS,2013,41520,San Diego,CA,"9-22-2017, 4:52",$52998.0,Used,Dealership,https://www.carmax.com/car/14538798/vehicle-history,Blue,Tan,Automatic,,2013 Porsche Cayenne,https://www.carmax.com/car/14538798,4.8L,"Power Liftgate/DeckLid
 4WD/AWD
 Full Leather Interior
 Satellite Radio Ready
 Parking Sensors
 Rear View Camera
 Panoramic Sunroof
 Navigation System
 Front Seat Heaters
 Auxiliary Audio Input
 Adjustable Suspension
 Cruise Control
 Alloy Wheels
 Overhead Airbags
 Traction Control
 Side Airbags
 20 Inch Plus Wheels
 Memory Seat(s)
 A/C Seat(s)
 AM/FM Stereo
 Rear Defroster
 Air Conditioning
 Power Windows
 ABS Brakes
 Power Locks
 CD Audio
 Power Mirrors
 Automatic Transmission
 Power Seat(s)
 Bluetooth
 SiriusXM Trial Avail
 Blind Spot Monitor
 Smart Key
 Bose Sound System
 ",0,"9-22-2017, 4:52",,4WD
WP1AB2A56FLB51886,Porsche,Macan,S,Macan S,2015,48149,Los Angeles,CA,"9-22-2017, 4:52",$44998.0,Used,Dealership,https://www.carmax.com/car/14839876/vehicle-history,Black,Black,Automatic,,2015 Porsche Macan,https://www.carmax.com/car/14839876,3.0L,"Premium Package
 Sport Package
 Power Liftgate/DeckLid
 4WD/AWD
 Turbo Charged Engine
 Leather &amp; Suede Seats
 Satellite Radio Ready
 Parking Sensors
 Rear View Camera
 Navigation System
 Front Seat Heaters
 Auxiliary Audio Input
 Adjustable Suspension
 Cruise Control
 Alloy Wheels
 Overhead Airbags
 Traction Control
 Side Airbags
 20 Inch Plus Wheels
 Memory Seat(s)
 Rear Seat Heaters
 AM/FM Stereo
 Rear Defroster
 Air Conditioning
 Power Windows
 ABS Brakes
 Power Locks
 CD Audio
 Power Mirrors
 Automatic Transmission
 Power Seat(s)
 Bluetooth
 SiriusXM Trial Avail
 ",0,"9-22-2017, 4:52",,4WD
WP0AC2A7XBL090181,Porsche,Panamera,Turbo,Panamera Turbo,2011,53520,Los Angeles,CA,"9-22-2017, 4:52",$51998.0,Used,Dealership,https://www.carmax.com/car/14986760/vehicle-history,Gray,Brown,Automatic,,2011 Porsche Panamera,https://www.carmax.com/car/14986760,4.8L,"Sport Package
 4WD/AWD
 Power Liftgate/DeckLid
 Turbo Charged Engine
 Leather Seats
 Parking Sensors
 Rear View Camera
 Navigation System
 Front Seat Heaters
 A/C Seat(s)
 Sunroof(s)
 Satellite Radio Ready
 Auxiliary Audio Input
 Memory Seat(s)
 Rear Seat Heaters
 Overhead Airbags
 ABS Brakes
 Alloy Wheels
 CD Audio
 Rear Sunshade
 Power Locks
 Side Airbags
 Traction Control
 20 Inch Plus Wheels
 Air Conditioning
 Power Mirrors
 Cruise Control
 Rear Defroster
 Adjustable Suspension
 AM/FM Stereo
 Power Windows
 Rear Spoiler
 Automatic Transmission
 Power Seat(s)
 Bluetooth
 Smart Key
 Bose Sound System
 ",0,"9-22-2017, 4:52",,4WD
WP0CA2A88ES120389,Porsche,Boxster,,Boxster,2014,16145,Los Angeles,CA,"9-22-2017, 4:52",$43998.0,Used,Dealership,https://www.carmax.com/car/15076812/vehicle-history,Gray,Black,Automatic,,2014 Porsche Boxster,https://www.carmax.com/car/15076812,2.7L,"Soft Top
 Leather Seats
 Parking Sensors
 Front Seat Heaters
 Navigation System
 Alloy Wheels
 A/C Seat(s)
 Rear Spoiler
 Satellite Radio Ready
 Traction Control
 Cruise Control
 Auxiliary Audio Input
 Side Airbags
 AM/FM Stereo
 Rear Defroster
 Air Conditioning
 ABS Brakes
 Power Locks
 CD Audio
 Power Windows
 Power Mirrors
 Automatic Transmission
 Power Seat(s)
 Bluetooth
 Convenience Package
 SiriusXM Trial Avail
 2WD
 ",0,"9-22-2017, 4:52",,2WD
WP0CB2A81BS730241,Porsche,Boxster,S,Boxster S,2011,18275,Irvine,CA,"9-22-2017, 4:52",$38998.0,Used,Dealership,https://www.carmax.com/car/15049877/vehicle-history,Gray,Black,Manual,,2011 Porsche Boxster,https://www.carmax.com/car/15049877,3.4L,"Soft Top
 Leather Seats
 Front Seat Heaters
 Navigation System
 Alloy Wheels
 Rear Spoiler
 Memory Seat(s)
 Satellite Radio Ready
 Traction Control
 Cruise Control
 Auxiliary Audio Input
 Side Airbags
 AM/FM Stereo
 Rear Defroster
 Air Conditioning
 ABS Brakes
 Power Locks
 CD Audio
 Power Windows
 Power Mirrors
 Manual Transmission
 Power Seat(s)
 Bluetooth
 SiriusXM Trial Avail
 2WD
 Bose Sound System
 ",0,"9-22-2017, 4:52",,2WD
WP1AA2A21ELA96271,Porsche,Cayenne,Platinum,Cayenne Platinum,2014,22912,Duarte,CA,"9-22-2017, 4:52",$45998.0,Used,Dealership,https://www.carmax.com/car/15100511/vehicle-history,Black,Tan,Automatic,,2014 Porsche Cayenne,https://www.carmax.com/car/15100511,3.6L,"Power Liftgate/DeckLid
 4WD/AWD
 Leather Seats
 Satellite Radio Ready
 Parking Sensors
 Rear View Camera
 Panoramic Sunroof
 Navigation System
 Tow Hitch
 Front Seat Heaters
 Auxiliary Audio Input
 Cruise Control
 Alloy Wheels
 Overhead Airbags
 Traction Control
 Side Airbags
 Memory Seat(s)
 AM/FM Stereo
 Rear Defroster
 Air Conditioning
 Power Windows
 ABS Brakes
 Power Locks
 CD Audio
 Power Mirrors
 Automatic Transmission
 Power Seat(s)
 Bluetooth
 SiriusXM Trial Avail
 Smart Key
 Bose Sound System
 ",0,"9-22-2017, 4:52",,4WD
WP1AA2A28ELA92539,Porsche,Cayenne,Platinum,Cayenne Platinum,2014,24540,Beaverton,OR,"9-22-2017, 4:52",$45998.0,Used,Dealership,https://www.carmax.com/car/14384021/vehicle-history,Black,Black,Automatic,,2014 Porsche Cayenne,https://www.carmax.com/car/14384021,3.6L,"Power Liftgate/DeckLid
 4WD/AWD
 Leather Seats
 Satellite Radio Ready
 Parking Sensors
 Rear View Camera
 Sunroof(s)
 Navigation System
 Front Seat Heaters
 Auxiliary Audio Input
 Cruise Control
 Alloy Wheels
 Overhead Airbags
 Traction Control
 Side Airbags
 Memory Seat(s)
 AM/FM Stereo
 Rear Defroster
 Air Conditioning
 Power Windows
 ABS Brakes
 Power Locks
 CD Audio
 Power Mirrors
 Automatic Transmission
 Power Seat(s)
 Bluetooth
 SiriusXM Trial Avail
 Smart Key
 Bose Sound System
 ",0,"9-22-2017, 4:52",,4WD
WP0AA2A74DL016344,Porsche,Panamera,4,Panamera 4,2013,29496,Phoenix,AZ,"9-22-2017, 4:52",$47998.0,Used,Dealership,https://www.carmax.com/car/14838462/vehicle-history,Silver,Black,Automatic,,2013 Porsche Panamera,https://www.carmax.com/car/14838462,3.6L,"Premium Package
 Sport Package
 4WD/AWD
 Power Liftgate/DeckLid
 Full Leather Interior
 Parking Sensors
 Rear View Camera
 Navigation System
 Front Seat Heaters
 A/C Seat(s)
 Sunroof(s)
 Satellite Radio Ready
 Auxiliary Audio Input
 Memory Seat(s)
 Rear Seat Heaters
 Overhead Airbags
 ABS Brakes
 Alloy Wheels
 CD Audio
 Power Locks
 Side Airbags
 Traction Control
 20 Inch Plus Wheels
 Air Conditioning
 Power Mirrors
 Cruise Control
 Rear Defroster
 AM/FM Stereo
 Power Windows
 Rear Spoiler
 Automatic Transmission
 Power Seat(s)
 Bluetooth
 SiriusXM Trial Avail
 Blind Spot Monitor
 Bose Sound System
 ",0,"9-22-2017, 4:52",,4WD
WP1AA2A2XELA95667,Porsche,Cayenne,,Cayenne,2014,17566,Seattle,WA,"9-22-2017, 4:52",$46998.0,Used,Dealership,https://www.carmax.com/car/15088385/vehicle-history,Black,Brown,Automatic,,2014 Porsche Cayenne,https://www.carmax.com/car/15088385,3.6L,"Premium Package
 Convenience Package
 Power Liftgate/DeckLid
 4WD/AWD
 Leather Seats
 Satellite Radio Ready
 Parking Sensors
 Rear View Camera
 Panoramic Sunroof
 Navigation System
 Tow Hitch
 Front Seat Heaters
 Auxiliary Audio Input
 Adjustable Suspension
 Cruise Control
 Alloy Wheels
 Overhead Airbags
 Traction Control
 Side Airbags
 Memory Seat(s)
 AM/FM Stereo
 Rear Defroster
 Air Conditioning
 Power Windows
 ABS Brakes
 Power Locks
 CD Audio
 Power Mirrors
 Automatic Transmission
 Power Seat(s)
 Bluetooth
 SiriusXM Trial Avail
 Bose Sound System
 ",0,"9-22-2017, 4:52",,4WD
WP0CB29877U730907,Porsche,Boxster,S,Boxster S,2007,26550,Tolleson,AZ,"9-22-2017, 4:52",$28998.0,Used,Dealership,https://www.carmax.com/car/14702961/vehicle-history,Red,Black,Automatic,,2007 Porsche Boxster,https://www.carmax.com/car/14702961,3.4L,"Soft Top
 Leather Seats
 Front Seat Heaters
 Navigation System
 Alloy Wheels
 Rear Spoiler
 Traction Control
 Cruise Control
 Side Airbags
 AM/FM Stereo
 Rear Defroster
 Air Conditioning
 ABS Brakes
 Power Locks
 CD Audio
 Power Windows
 Power Mirrors
 Automatic Transmission
 Power Seat(s)
 2WD
 Bose Sound System
 ",0,"9-22-2017, 4:52",,2WD
WP1AA2A21CLA04816,Porsche,Cayenne,,Cayenne,2012,56573,Tolleson,AZ,"9-22-2017, 4:52",$33998.0,Used,Dealership,https://www.carmax.com/car/14612989/vehicle-history,Silver,Tan,Automatic,,2012 Porsche Cayenne,https://www.carmax.com/car/14612989,3.6L,"Power Liftgate/DeckLid
 4WD/AWD
 Leather Seats
 Tow Hitch
 Front Seat Heaters
 Auxiliary Audio Input
 Cruise Control
 Alloy Wheels
 Overhead Airbags
 Traction Control
 Side Airbags
 Memory Seat(s)
 AM/FM Stereo
 Rear Defroster
 Air Conditioning
 Power Windows
 ABS Brakes
 Power Locks
 CD Audio
 Power Mirrors
 Automatic Transmission
 Power Seat(s)
 Bluetooth
 ",0,"9-22-2017, 4:52",,4WD
WP0AA2A87BU760164,Porsche,Cayman,,Cayman,2011,41118,Albuquerque,NM,"9-22-2017, 4:52",$33998.0,Used,Dealership,https://www.carmax.com/car/14898281/vehicle-history,Blue,Brown,Automatic,,2011 Porsche Cayman,https://www.carmax.com/car/14898281,2.9L,"Leather Seats
 Front Seat Heaters
 Alloy Wheels
 Rear Spoiler
 Traction Control
 Cruise Control
 Auxiliary Audio Input
 Overhead Airbags
 Side Airbags
 AM/FM Stereo
 Rear Defroster
 Air Conditioning
 ABS Brakes
 Power Locks
 CD Audio
 Power Windows
 Power Mirrors
 Automatic Transmission
 Bluetooth
 2WD
 ",0,"9-22-2017, 4:52",,2WD
WP0CB299X8S776995,Porsche,911,Carrera S,911 Carrera S,2008,33357,Denver,CO,"9-22-2017, 4:52",$46998.0,Used,Dealership,https://www.carmax.com/car/14554510/vehicle-history,Silver,Red,Manual,,2008 Porsche 911,https://www.carmax.com/car/14554510,3.8L,"Soft Top
 Sport Package
 Full Leather Interior
 Front Seat Heaters
 Navigation System
 Alloy Wheels
 Rear Spoiler
 Memory Seat(s)
 Traction Control
 Cruise Control
 Side Airbags
 AM/FM Stereo
 Rear Defroster
 Air Conditioning
 ABS Brakes
 Power Locks
 CD Audio
 Power Windows
 Power Mirrors
 Manual Transmission
 Power Seat(s)
 2WD
 Bose Sound System
 ",0,"9-22-2017, 4:52",,2WD
WP1AA2A21ELA91121,Porsche,Cayenne,,Cayenne,2014,18687,Denver,CO,"9-22-2017, 4:52",$44998.0,Used,Dealership,https://www.carmax.com/car/14666681/vehicle-history,Blue,Tan,Automatic,,2014 Porsche Cayenne,https://www.carmax.com/car/14666681,3.6L,"Power Liftgate/DeckLid
 4WD/AWD
 Leather Seats
 Satellite Radio Ready
 Parking Sensors
 Sunroof(s)
 Navigation System
 Front Seat Heaters
 Auxiliary Audio Input
 Cruise Control
 Alloy Wheels
 Overhead Airbags
 Traction Control
 Side Airbags
 Memory Seat(s)
 AM/FM Stereo
 Rear Defroster
 Air Conditioning
 Power Windows
 ABS Brakes
 Power Locks
 CD Audio
 Power Mirrors
 Automatic Transmission
 Power Seat(s)
 Bluetooth
 SiriusXM Trial Avail
 Smart Key
 ",0,"9-22-2017, 4:52",,4WD
WP1AA2A28ELA91195,Porsche,Cayenne,Platinum,Cayenne Platinum,2014,37365,Albuquerque,NM,"9-22-2017, 4:52",$43998.0,Used,Dealership,https://www.carmax.com/car/14897718/vehicle-history,White,Black,Automatic,,2014 Porsche Cayenne,https://www.carmax.com/car/14897718,3.6L,"Power Liftgate/DeckLid
 4WD/AWD
 Leather Seats
 Satellite Radio Ready
 Parking Sensors
 Rear View Camera
 Sunroof(s)
 Navigation System
 Tow Hitch
 Front Seat Heaters
 Auxiliary Audio Input
 Cruise Control
 Alloy Wheels
 Overhead Airbags
 Traction Control
 Side Airbags
 Memory Seat(s)
 AM/FM Stereo
 Rear Defroster
 Air Conditioning
 Power Windows
 ABS Brakes
 Power Locks
 CD Audio
 Power Mirrors
 Automatic Transmission
 Power Seat(s)
 Bluetooth
 SiriusXM Trial Avail
 Bose Sound System
 ",0,"9-22-2017, 4:52",,4WD
WP0AB2A8XAU780209,Porsche,Cayman,S,Cayman S,2010,57566,Albuquerque,NM,"9-22-2017, 4:52",$36998.0,Used,Dealership,https://www.carmax.com/car/14893066/vehicle-history,Blue,Black,Automatic,,2010 Porsche Cayman,https://www.carmax.com/car/14893066,3.4L,"Leather Seats
 Front Seat Heaters
 Navigation System
 Alloy Wheels
 Rear Spoiler
 Satellite Radio Ready
 Traction Control
 Cruise Control
 Auxiliary Audio Input
 Side Airbags
 AM/FM Stereo
 Rear Defroster
 Air Conditioning
 ABS Brakes
 Power Locks
 CD Audio
 Power Windows
 Power Mirrors
 Automatic Transmission
 Bluetooth
 SiriusXM Trial Avail
 2WD
 Bose Sound System
 ",0,"9-22-2017, 4:52",,2WD
WP0AC2A7XDL090281,Porsche,Panamera,Turbo,Panamera Turbo,2013,38026,Denver,CO,"9-22-2017, 4:52",$66998.0,Used,Dealership,https://www.carmax.com/car/14022312/vehicle-history,Black,Black,Automatic,,2013 Porsche Panamera,https://www.carmax.com/car/14022312,4.8L,"Sport Package
 Auto Cruise Control
 4WD/AWD
 Power Liftgate/DeckLid
 Turbo Charged Engine
 Full Leather Interior
 Parking Sensors
 Rear View Camera
 Navigation System
 Front Seat Heaters
 Sunroof(s)
 Satellite Radio Ready
 Auxiliary Audio Input
 Memory Seat(s)
 Rear Seat Heaters
 Overhead Airbags
 ABS Brakes
 Alloy Wheels
 CD Audio
 Rear Sunshade
 Power Locks
 Side Airbags
 Traction Control
 20 Inch Plus Wheels
 Air Conditioning
 Power Mirrors
 Rear Defroster
 Adjustable Suspension
 AM/FM Stereo
 Power Windows
 Rear Spoiler
 Automatic Transmission
 Power Seat(s)
 Bluetooth
 Sport Design Edition
 SiriusXM Trial Avail
 Comfort Package
 Smart Key
 Bose Sound System
 ",0,"9-22-2017, 4:52",,4WD
WP0CA2A8XCS710302,Porsche,Boxster,,Boxster,2012,21102,Tucson,AZ,"9-22-2017, 4:52",$31998.0,Used,Dealership,https://www.carmax.com/car/14436913/vehicle-history,Black,Black,Manual,,2012 Porsche Boxster,https://www.carmax.com/car/14436913,2.9L,"Soft Top
 Leather Seats
 Front Seat Heaters
 Alloy Wheels
 Rear Spoiler
 Traction Control
 Cruise Control
 Auxiliary Audio Input
 Side Airbags
 AM/FM Stereo
 Rear Defroster
 Air Conditioning
 ABS Brakes
 Power Locks
 CD Audio
 Power Windows
 Power Mirrors
 Manual Transmission
 Bluetooth
 2WD
 ",0,"9-22-2017, 4:52",,2WD
WP0AB2A76AL062458,Porsche,Panamera,4S,Panamera 4S,2010,20546,Houston,TX,"9-22-2017, 4:52",$42998.0,Used,Dealership,https://www.carmax.com/car/14920844/vehicle-history,Black,Black,Automatic,,2010 Porsche Panamera,https://www.carmax.com/car/14920844,4.8L,"4WD/AWD
 Power Liftgate/DeckLid
 Leather Seats
 Parking Sensors
 Navigation System
 Front Seat Heaters
 A/C Seat(s)
 Sunroof(s)
 Satellite Radio Ready
 Auxiliary Audio Input
 Memory Seat(s)
 Rear Seat Heaters
 Overhead Airbags
 ABS Brakes
 Alloy Wheels
 CD Audio
 Rear Sunshade
 Power Locks
 Side Airbags
 Traction Control
 Air Conditioning
 Power Mirrors
 Cruise Control
 Rear Defroster
 Adjustable Suspension
 AM/FM Stereo
 Power Windows
 Automatic Transmission
 Power Seat(s)
 Bluetooth
 SiriusXM Trial Avail
 Smart Key
 Bose Sound System
 ",0,"9-22-2017, 4:52",,4WD
WP1AA2A2XBLA08474,Porsche,Cayenne,,Cayenne,2011,38529,Denver,CO,"9-22-2017, 4:52",$34998.0,Used,Dealership,https://www.carmax.com/car/14314339/vehicle-history,Blue,Black,Automatic,,2011 Porsche Cayenne,https://www.carmax.com/car/14314339,3.6L,"Power Liftgate/DeckLid
 4WD/AWD
 Leather Seats
 Parking Sensors
 Rear View Camera
 Sunroof(s)
 Navigation System
 Front Seat Heaters
 Cruise Control
 Alloy Wheels
 Overhead Airbags
 Traction Control
 Side Airbags
 Memory Seat(s)
 AM/FM Stereo
 Rear Defroster
 Air Conditioning
 Power Windows
 ABS Brakes
 Power Locks
 CD Audio
 Power Mirrors
 Automatic Transmission
 Power Seat(s)
 Bluetooth
 ",0,"9-22-2017, 4:52",,4WD
WP0CB2A86DS134190,Porsche,Boxster,S,Boxster S,2013,47448,Tacoma,WA,"9-22-2017, 4:52",$41998.0,Used,Dealership,https://www.carmax.com/car/14931591/vehicle-history,Blue,Tan,Automatic,,2013 Porsche Boxster,https://www.carmax.com/car/14931591,3.4L,"Soft Top
 Sport Package
 Leather Seats
 Front Seat Heaters
 Navigation System
 Alloy Wheels
 A/C Seat(s)
 Rear Spoiler
 20 Inch Plus Wheels
 Satellite Radio Ready
 Traction Control
 Cruise Control
 Auxiliary Audio Input
 Side Airbags
 AM/FM Stereo
 Rear Defroster
 Air Conditioning
 ABS Brakes
 Power Locks
 CD Audio
 Power Windows
 Power Mirrors
 Automatic Transmission
 Power Seat(s)
 Bluetooth
 Convenience Package
 SiriusXM Trial Avail
 2WD
 Bose Sound System
 ",0,"9-22-2017, 4:52",,2WD
WP1AB2A52GLB43723,Porsche,Macan,S,Macan S,2016,39940,Houston,TX,"9-22-2017, 4:52",$44998.0,Used,Dealership,https://www.carmax.com/car/14981591/vehicle-history,Black,Black,Automatic,,2016 Porsche Macan,https://www.carmax.com/car/14981591,3.0L,"Power Liftgate/DeckLid
 4WD/AWD
 Turbo Charged Engine
 Leather &amp; Suede Seats
 Satellite Radio Ready
 Rear View Camera
 Navigation System
 Auxiliary Audio Input
 Cruise Control
 Alloy Wheels
 Overhead Airbags
 Traction Control
 Side Airbags
 Memory Seat(s)
 AM/FM Stereo
 Rear Defroster
 Air Conditioning
 Power Windows
 ABS Brakes
 Power Locks
 CD Audio
 Power Mirrors
 Automatic Transmission
 Power Seat(s)
 Bluetooth
 SiriusXM Trial Avail
 ",0,"9-22-2017, 4:52",,4WD
WP1AA2A27ELA94556,Porsche,Cayenne,Platinum,Cayenne Platinum,2014,49879,Houston,TX,"9-22-2017, 4:52",$42998.0,Used,Dealership,https://www.carmax.com/car/14960879/vehicle-history,Gray,Tan,Automatic,,2014 Porsche Cayenne,https://www.carmax.com/car/14960879,3.6L,"Sport Package
 Power Liftgate/DeckLid
 4WD/AWD
 Leather Seats
 Satellite Radio Ready
 Parking Sensors
 Rear View Camera
 Panoramic Sunroof
 Navigation System
 Tow Hitch
 Front Seat Heaters
 Auxiliary Audio Input
 Cruise Control
 Alloy Wheels
 Overhead Airbags
 Traction Control
 Side Airbags
 20 Inch Plus Wheels
 Memory Seat(s)
 A/C Seat(s)
 AM/FM Stereo
 Rear Defroster
 Air Conditioning
 Power Windows
 ABS Brakes
 Power Locks
 CD Audio
 Power Mirrors
 Automatic Transmission
 Power Seat(s)
 Bluetooth
 SiriusXM Trial Avail
 Smart Key
 Bose Sound System
 ",0,"9-22-2017, 4:52",,4WD
WP0AA2A74CL072394,Porsche,Panamera,,Panamera,2012,43944,Houston,TX,"9-22-2017, 4:52",$41998.0,Used,Dealership,https://www.carmax.com/car/14716734/vehicle-history,Silver,Black,Automatic,,2012 Porsche Panamera,https://www.carmax.com/car/14716734,3.6L,"Premium Package
 Power Liftgate/DeckLid
 Leather Seats
 Parking Sensors
 Rear View Camera
 Navigation System
 Front Seat Heaters
 A/C Seat(s)
 Sunroof(s)
 Satellite Radio Ready
 Auxiliary Audio Input
 Memory Seat(s)
 Overhead Airbags
 ABS Brakes
 Alloy Wheels
 CD Audio
 Power Locks
 Side Airbags
 Traction Control
 20 Inch Plus Wheels
 Air Conditioning
 Power Mirrors
 Cruise Control
 Rear Defroster
 AM/FM Stereo
 Power Windows
 Rear Spoiler
 Automatic Transmission
 Power Seat(s)
 Bluetooth
 SiriusXM Trial Avail
 2WD
 ",0,"9-22-2017, 4:52",,2WD
WP1AB2A54FLB59095,Porsche,Macan,S,Macan S,2015,44786,Fort Worth,TX,"9-22-2017, 4:52",$45998.0,Used,Dealership,https://www.carmax.com/car/14894085/vehicle-history,Black,Black,Automatic,,2015 Porsche Macan,https://www.carmax.com/car/14894085,3.0L,"Premium Package
 Power Liftgate/DeckLid
 4WD/AWD
 Turbo Charged Engine
 Leather Seats
 Satellite Radio Ready
 Parking Sensors
 Rear View Camera
 Panoramic Sunroof
 Navigation System
 Front Seat Heaters
 Auxiliary Audio Input
 Cruise Control
 Alloy Wheels
 Overhead Airbags
 Traction Control
 Side Airbags
 20 Inch Plus Wheels
 Rear Air Conditioning
 Memory Seat(s)
 A/C Seat(s)
 Rear Seat Heaters
 AM/FM Stereo
 Rear Defroster
 Air Conditioning
 Power Windows
 ABS Brakes
 Power Locks
 CD Audio
 Power Mirrors
 Automatic Transmission
 Power Seat(s)
 Bluetooth
 SiriusXM Trial Avail
 Smart Key
 Bose Sound System
 ",0,"9-22-2017, 4:52",,4WD
WP1AA2A22GKA11771,Porsche,Cayenne,,Cayenne,2016,13728,Omaha,NE,"9-22-2017, 4:52",$52998.0,Used,Dealership,https://www.carmax.com/car/14647823/vehicle-history,Black,Black,Automatic,,2016 Porsche Cayenne,https://www.carmax.com/car/14647823,3.6L,"Premium Package
 Power Liftgate/DeckLid
 4WD/AWD
 Leather Seats
 Satellite Radio Ready
 Parking Sensors
 Rear View Camera
 Sunroof(s)
 Navigation System
 Front Seat Heaters
 Auxiliary Audio Input
 Cruise Control
 Alloy Wheels
 Overhead Airbags
 Traction Control
 Side Airbags
 20 Inch Plus Wheels
 Memory Seat(s)
 A/C Seat(s)
 AM/FM Stereo
 Rear Defroster
 Air Conditioning
 Power Windows
 ABS Brakes
 Power Locks
 CD Audio
 Power Mirrors
 Automatic Transmission
 Power Seat(s)
 Bluetooth
 SiriusXM Trial Avail
 Smart Key
 ",0,"9-22-2017, 4:52",,4WD
WP1AD2A25DLA74750,Porsche,Cayenne,GTS,Cayenne GTS,2013,53398,Houston,TX,"9-22-2017, 4:52",$48998.0,Used,Dealership,https://www.carmax.com/car/14919874/vehicle-history,Brown,Brown,Automatic,,2013 Porsche Cayenne,https://www.carmax.com/car/14919874,4.8L,"Power Liftgate/DeckLid
 4WD/AWD
 Full Leather Interior
 Satellite Radio Ready
 Parking Sensors
 Rear View Camera
 Sunroof(s)
 Navigation System
 Front Seat Heaters
 Auxiliary Audio Input
 Adjustable Suspension
 Cruise Control
 Alloy Wheels
 Overhead Airbags
 Traction Control
 Side Airbags
 20 Inch Plus Wheels
 Memory Seat(s)
 Rear Seat Heaters
 AM/FM Stereo
 Rear Defroster
 Air Conditioning
 Power Windows
 ABS Brakes
 Power Locks
 CD Audio
 Power Mirrors
 Automatic Transmission
 Power Seat(s)
 Bluetooth
 SiriusXM Trial Avail
 Blind Spot Monitor
 Smart Key
 Bose Sound System
 ",0,"9-22-2017, 4:52",,4WD
WP1AA2A29ELA93490,Porsche,Cayenne,,Cayenne,2014,31615,Dallas,TX,"9-22-2017, 4:52",$42998.0,Used,Dealership,https://www.carmax.com/car/14993541/vehicle-history,White,Black,Automatic,,2014 Porsche Cayenne,https://www.carmax.com/car/14993541,3.6L,"Premium Package
 Power Liftgate/DeckLid
 4WD/AWD
 Leather Seats
 Satellite Radio Ready
 Parking Sensors
 Rear View Camera
 Sunroof(s)
 Navigation System
 Front Seat Heaters
 Auxiliary Audio Input
 Cruise Control
 Alloy Wheels
 Overhead Airbags
 Traction Control
 Side Airbags
 Memory Seat(s)
 AM/FM Stereo
 Rear Defroster
 Air Conditioning
 Power Windows
 ABS Brakes
 Power Locks
 CD Audio
 Power Mirrors
 Rear Sunshade
 Automatic Transmission
 Power Seat(s)
 Bluetooth
 SiriusXM Trial Avail
 Lane Departure Warning
 ",0,"9-22-2017, 4:52",,4WD
WP0CB2A82ES141218,Porsche,Boxster,S,Boxster S,2014,9146,Phoenix,AZ,"9-22-2017, 4:52",$55998.0,Used,Dealership,https://www.carmax.com/car/15038876/vehicle-history,Purple,Black,Automatic,,2014 Porsche Boxster,https://www.carmax.com/car/15038876,3.4L,"Soft Top
 Sport Package
 Leather Seats
 Parking Sensors
 Front Seat Heaters
 Navigation System
 Alloy Wheels
 A/C Seat(s)
 Rear Spoiler
 20 Inch Plus Wheels
 Satellite Radio Ready
 Traction Control
 Cruise Control
 Auxiliary Audio Input
 Side Airbags
 AM/FM Stereo
 Rear Defroster
 Air Conditioning
 ABS Brakes
 Power Locks
 CD Audio
 Power Windows
 Power Mirrors
 Automatic Transmission
 Power Seat(s)
 Bluetooth
 SiriusXM Trial Avail
 2WD
 Bose Sound System
 ",0,"9-22-2017, 4:52",,2WD
WP0CA2A80BS710159,Porsche,Boxster,,Boxster,2011,26565,Jacksonville,FL,"9-22-2017, 5:4",$31998.0,Used,Dealership,https://www.carmax.com/car/14759261/vehicle-history,Silver,Black,Manual,,2011 Porsche Boxster,https://www.carmax.com/car/14759261,2.9L,"Soft Top
 Leather Seats
 Front Seat Heaters
 Alloy Wheels
 Rear Spoiler
 Traction Control
 Cruise Control
 Auxiliary Audio Input
 Side Airbags
 AM/FM Stereo
 Rear Defroster
 Air Conditioning
 ABS Brakes
 Power Locks
 CD Audio
 Power Windows
 Power Mirrors
 Manual Transmission
 Bluetooth
 2WD
 Bose Sound System
 ",0,"9-22-2017, 5:4",,2WD
WP0AB2A99AS720152,Porsche,911,Carrera 4S,911 Carrera 4S,2010,16342,Cool Springs,TN,"9-22-2017, 5:4",$62998.0,Used,Dealership,https://www.carmax.com/car/14866771/vehicle-history,Black,Black,Automatic,,2010 Porsche 911,https://www.carmax.com/car/14866771,3.8L,"Sport Package
 Full Leather Interior
 Front Seat Heaters
 Navigation System
 Sunroof(s)
 Alloy Wheels
 Rear Spoiler
 Memory Seat(s)
 Satellite Radio Ready
 Traction Control
 Cruise Control
 Auxiliary Audio Input
 Overhead Airbags
 Side Airbags
 AM/FM Stereo
 Rear Defroster
 Air Conditioning
 ABS Brakes
 Power Locks
 CD Audio
 Power Windows
 Power Mirrors
 Automatic Transmission
 Power Seat(s)
 4WD/AWD
 Bluetooth
 SiriusXM Trial Avail
 Bose Sound System
 ",0,"9-22-2017, 5:4",,4WD
WP1AB2A52FLB52873,Porsche,Macan,S,Macan S,2015,19244,Nashville,TN,"9-22-2017, 5:4",$49998.0,Used,Dealership,https://www.carmax.com/car/14716993/vehicle-history,White,Tan,Automatic,,2015 Porsche Macan,https://www.carmax.com/car/14716993,3.0L,"Power Liftgate/DeckLid
 4WD/AWD
 Turbo Charged Engine
 Leather &amp; Suede Seats
 Panoramic Sunroof
 Auxiliary Audio Input
 Adjustable Suspension
 Cruise Control
 Alloy Wheels
 Overhead Airbags
 Traction Control
 Side Airbags
 Memory Seat(s)
 AM/FM Stereo
 Rear Defroster
 Air Conditioning
 Power Windows
 ABS Brakes
 Power Locks
 CD Audio
 Power Mirrors
 Automatic Transmission
 Power Seat(s)
 Bluetooth
 ",0,"9-22-2017, 5:4",,4WD
WP0CA2A89ES121745,Porsche,Boxster,,Boxster,2014,4200,Nashville,TN,"9-22-2017, 5:4",$45998.0,Used,Dealership,https://www.carmax.com/car/14381592/vehicle-history,White,Black,Automatic,,2014 Porsche Boxster,https://www.carmax.com/car/14381592,2.7L,"Soft Top
 Leather Seats
 Front Seat Heaters
 Alloy Wheels
 Rear Spoiler
 Satellite Radio Ready
 Traction Control
 Cruise Control
 Auxiliary Audio Input
 Side Airbags
 AM/FM Stereo
 Rear Defroster
 Air Conditioning
 ABS Brakes
 Power Locks
 CD Audio
 Power Windows
 Power Mirrors
 Automatic Transmission
 Power Seat(s)
 Bluetooth
 SiriusXM Trial Avail
 2WD
 ",0,"9-22-2017, 5:4",,2WD
WP1AB2A29ELA56761,Porsche,Cayenne,S,Cayenne S,2014,41352,Town Center,GA,"9-22-2017, 5:4",$44998.0,Used,Dealership,https://www.carmax.com/car/14874945/vehicle-history,Brown,Tan,Automatic,,2014 Porsche Cayenne,https://www.carmax.com/car/14874945,4.8L,"Power Liftgate/DeckLid
 4WD/AWD
 Leather Seats
 Satellite Radio Ready
 Parking Sensors
 Rear View Camera
 Panoramic Sunroof
 Navigation System
 Front Seat Heaters
 Auxiliary Audio Input
 Cruise Control
 Alloy Wheels
 Overhead Airbags
 Traction Control
 Side Airbags
 Memory Seat(s)
 AM/FM Stereo
 Rear Defroster
 Air Conditioning
 Power Windows
 ABS Brakes
 Power Locks
 CD Audio
 Power Mirrors
 Automatic Transmission
 Power Seat(s)
 Bluetooth
 SiriusXM Trial Avail
 Bose Sound System
 ",0,"9-22-2017, 5:4",,4WD
WP1AB2A21ELA58620,Porsche,Cayenne,S,Cayenne S,2014,19801,Atlanta,GA,"9-22-2017, 5:4",$51998.0,Used,Dealership,https://www.carmax.com/car/14854239/vehicle-history,White,Black,Automatic,,2014 Porsche Cayenne,https://www.carmax.com/car/14854239,4.8L,"Convenience Package
 Power Liftgate/DeckLid
 4WD/AWD
 Leather Seats
 Satellite Radio Ready
 Parking Sensors
 Rear View Camera
 Panoramic Sunroof
 Navigation System
 Front Seat Heaters
 Auxiliary Audio Input
 Cruise Control
 Alloy Wheels
 Overhead Airbags
 Traction Control
 Side Airbags
 20 Inch Plus Wheels
 Memory Seat(s)
 A/C Seat(s)
 AM/FM Stereo
 Rear Defroster
 Air Conditioning
 Power Windows
 ABS Brakes
 Power Locks
 CD Audio
 Power Mirrors
 Automatic Transmission
 Power Seat(s)
 Bluetooth
 SiriusXM Trial Avail
 Blind Spot Monitor
 Bose Sound System
 ",0,"9-22-2017, 5:4",,4WD
WP1AB2A53FLB63607,Porsche,Macan,S,Macan S,2015,17112,Schaumburg,IL,"9-22-2017, 5:4",$45998.0,Used,Dealership,https://www.carmax.com/car/14793073/vehicle-history,Gold,Black,Automatic,,2015 Porsche Macan,https://www.carmax.com/car/14793073,3.0L,"Power Liftgate/DeckLid
 4WD/AWD
 Turbo Charged Engine
 Leather Seats
 Satellite Radio Ready
 Navigation System
 Front Seat Heaters
 Auxiliary Audio Input
 Cruise Control
 Alloy Wheels
 Overhead Airbags
 Traction Control
 Side Airbags
 Memory Seat(s)
 AM/FM Stereo
 Rear Defroster
 Air Conditioning
 Power Windows
 ABS Brakes
 Power Locks
 CD Audio
 Power Mirrors
 Automatic Transmission
 Power Seat(s)
 Bluetooth
 SiriusXM Trial Avail
 ",0,"9-22-2017, 5:4",,4WD
WP1AA2A2XDLA03729,Porsche,Cayenne,,Cayenne,2013,20954,Norcross,GA,"9-22-2017, 5:4",$42998.0,Used,Dealership,https://www.carmax.com/car/15120764/vehicle-history,Green,Tan,Automatic,,2013 Porsche Cayenne,https://www.carmax.com/car/15120764,3.6L,"Power Liftgate/DeckLid
 4WD/AWD
 Leather Seats
 Satellite Radio Ready
 Parking Sensors
 Rear View Camera
 Sunroof(s)
 Navigation System
 Front Seat Heaters
 Auxiliary Audio Input
 Adjustable Suspension
 Cruise Control
 Alloy Wheels
 Overhead Airbags
 Traction Control
 Side Airbags
 Memory Seat(s)
 AM/FM Stereo
 Rear Defroster
 Air Conditioning
 Power Windows
 ABS Brakes
 Power Locks
 CD Audio
 Power Mirrors
 Power Seat(s)
 Bluetooth
 SiriusXM Trial Avail
 Bose Sound System
 ",0,"9-22-2017, 5:4",,4WD
WP0CB2A83EK140658,Porsche,Boxster,S,Boxster S,2014,23433,Indianapolis,IN,"9-22-2017, 5:4",$48998.0,Used,Dealership,https://www.carmax.com/car/15056318/vehicle-history,White,Cream,Automatic,,2014 Porsche Boxster,https://www.carmax.com/car/15056318,3.4L,"Soft Top
 Leather Seats
 Parking Sensors
 Front Seat Heaters
 Navigation System
 Alloy Wheels
 A/C Seat(s)
 Adjustable Suspension
 Rear Spoiler
 Memory Seat(s)
 Satellite Radio Ready
 Traction Control
 Cruise Control
 Auxiliary Audio Input
 Overhead Airbags
 Side Airbags
 AM/FM Stereo
 Rear Defroster
 Air Conditioning
 ABS Brakes
 Power Locks
 CD Audio
 Power Windows
 Power Mirrors
 Automatic Transmission
 Power Seat(s)
 Bluetooth
 SiriusXM Trial Avail
 2WD
 Bose Sound System
 ",0,"9-22-2017, 5:4",,2WD
WP0AA2A78DL014984,Porsche,Panamera,Platinum,Panamera Platinum,2013,39903,Atlanta,GA,"9-22-2017, 5:4",$46998.0,Used,Dealership,https://www.carmax.com/car/14674474/vehicle-history,Black,Black,Automatic,,2013 Porsche Panamera,https://www.carmax.com/car/14674474,3.6L,"Sport Package
 Power Liftgate/DeckLid
 Leather Seats
 Parking Sensors
 Rear View Camera
 Navigation System
 Front Seat Heaters
 Sunroof(s)
 Satellite Radio Ready
 Auxiliary Audio Input
 Memory Seat(s)
 Rear Seat Heaters
 Overhead Airbags
 ABS Brakes
 Alloy Wheels
 CD Audio
 Power Locks
 Side Airbags
 Traction Control
 20 Inch Plus Wheels
 Air Conditioning
 Power Mirrors
 Cruise Control
 Rear Defroster
 AM/FM Stereo
 Power Windows
 Rear Spoiler
 Automatic Transmission
 Power Seat(s)
 Bluetooth
 SiriusXM Trial Avail
 2WD
 Bose Sound System
 ",0,"9-22-2017, 5:4",,2WD
WP1AB2A53FLB50405,Porsche,Macan,S,Macan S,2015,19651,Merrillville,IN,"9-22-2017, 5:4",$52998.0,Used,Dealership,https://www.carmax.com/car/14327217/vehicle-history,Gray,Black,Automatic,,2015 Porsche Macan,https://www.carmax.com/car/14327217,3.0L,"Premium Package
 Power Liftgate/DeckLid
 4WD/AWD
 Turbo Charged Engine
 Leather Seats
 Satellite Radio Ready
 Parking Sensors
 Rear View Camera
 Panoramic Sunroof
 Navigation System
 Front Seat Heaters
 Auxiliary Audio Input
 Cruise Control
 Alloy Wheels
 Overhead Airbags
 Traction Control
 Side Airbags
 Rear Air Conditioning
 Memory Seat(s)
 Rear Seat Heaters
 AM/FM Stereo
 Rear Defroster
 Air Conditioning
 Power Windows
 ABS Brakes
 Power Locks
 CD Audio
 Power Mirrors
 Automatic Transmission
 Power Seat(s)
 Bluetooth
 SiriusXM Trial Avail
 ",0,"9-22-2017, 5:4",,4WD
WP0CA2A80FS120369,Porsche,Boxster,,Boxster,2015,23873,Lexington,KY,"9-22-2017, 5:4",$40998.0,Used,Dealership,https://www.carmax.com/car/14218759/vehicle-history,Gray,Black,Automatic,,2015 Porsche Boxster,https://www.carmax.com/car/14218759,2.7L,"Soft Top
 Leather Seats
 Front Seat Heaters
 Alloy Wheels
 Rear Spoiler
 Satellite Radio Ready
 Traction Control
 Cruise Control
 Auxiliary Audio Input
 Side Airbags
 AM/FM Stereo
 Rear Defroster
 Air Conditioning
 ABS Brakes
 Power Locks
 CD Audio
 Power Windows
 Power Mirrors
 Automatic Transmission
 Bluetooth
 SiriusXM Trial Avail
 2WD
 ",0,"9-22-2017, 5:4",,2WD
WP0AA2A85EK170772,Porsche,Cayman,,Cayman,2014,22891,Lexington,KY,"9-22-2017, 5:4",$43998.0,Used,Dealership,https://www.carmax.com/car/14822518/vehicle-history,Black,Black,Manual,,2014 Porsche Cayman,https://www.carmax.com/car/14822518,2.7L,"Premium Package
 Leather Seats
 Front Seat Heaters
 Navigation System
 Alloy Wheels
 Rear Spoiler
 Memory Seat(s)
 Satellite Radio Ready
 Traction Control
 Cruise Control
 Auxiliary Audio Input
 Overhead Airbags
 Side Airbags
 AM/FM Stereo
 Rear Defroster
 Air Conditioning
 ABS Brakes
 Power Locks
 CD Audio
 Power Windows
 Power Mirrors
 Manual Transmission
 Power Seat(s)
 Bluetooth
 Convenience Package
 SiriusXM Trial Avail
 2WD
 Bose Sound System
 ",0,"9-22-2017, 5:4",,2WD
WP1AA2A28ELA91665,Porsche,Cayenne,,Cayenne,2014,32052,Augusta,GA,"9-22-2017, 5:4",$40998.0,Used,Dealership,https://www.carmax.com/car/14549205/vehicle-history,Black,Black,Automatic,,2014 Porsche Cayenne,https://www.carmax.com/car/14549205,3.6L,"Power Liftgate/DeckLid
 4WD/AWD
 Leather Seats
 Satellite Radio Ready
 Parking Sensors
 Rear View Camera
 Sunroof(s)
 Navigation System
 Front Seat Heaters
 Auxiliary Audio Input
 Cruise Control
 Alloy Wheels
 Overhead Airbags
 Traction Control
 Side Airbags
 Memory Seat(s)
 AM/FM Stereo
 Rear Defroster
 Air Conditioning
 Power Windows
 ABS Brakes
 Power Locks
 CD Audio
 Power Mirrors
 Automatic Transmission
 Power Seat(s)
 Bluetooth
 SiriusXM Trial Avail
 Blind Spot Monitor
 ",0,"9-22-2017, 5:4",,4WD
WP0AB2A83EK193495,Porsche,Cayman,S,Cayman S,2014,10127,Greenville,SC,"9-22-2017, 5:4",$55998.0,Used,Dealership,https://www.carmax.com/car/15080747/vehicle-history,White,Black,Automatic,,2014 Porsche Cayman,https://www.carmax.com/car/15080747,3.4L,"Premium Package
 Sport Package
 Leather Seats
 Front Seat Heaters
 Navigation System
 Alloy Wheels
 A/C Seat(s)
 Rear Spoiler
 Memory Seat(s)
 20 Inch Plus Wheels
 Satellite Radio Ready
 Traction Control
 Cruise Control
 Auxiliary Audio Input
 Overhead Airbags
 Side Airbags
 AM/FM Stereo
 Rear Defroster
 Air Conditioning
 ABS Brakes
 Power Locks
 CD Audio
 Power Windows
 Power Mirrors
 Automatic Transmission
 Power Seat(s)
 Bluetooth
 Convenience Package
 SiriusXM Trial Avail
 2WD
 Bose Sound System
 ",0,"9-22-2017, 5:4",,2WD
WP0CA2A83DS113283,Porsche,Boxster,,Boxster,2013,9092,Tri-Cities,TN,"9-22-2017, 5:4",$38998.0,Used,Dealership,https://www.carmax.com/car/14190561/vehicle-history,Silver,Black,Manual,,2013 Porsche Boxster,https://www.carmax.com/car/14190561,2.7L,"Soft Top
 Leather Seats
 Parking Sensors
 Alloy Wheels
 Traction Control
 Cruise Control
 Auxiliary Audio Input
 Side Airbags
 AM/FM Stereo
 Rear Defroster
 Air Conditioning
 ABS Brakes
 Power Locks
 CD Audio
 Power Windows
 Power Mirrors
 Power Seat(s)
 Bluetooth
 2WD
 ",0,"9-22-2017, 5:4",,2WD
WP1AD2A24ELA78239,Porsche,Cayenne,GTS,Cayenne GTS,2014,44640,Cincinnati,OH,"9-22-2017, 5:4",$57998.0,Used,Dealership,https://www.carmax.com/car/14822377/vehicle-history,Black,Black,Automatic,,2014 Porsche Cayenne,https://www.carmax.com/car/14822377,4.8L,"Power Liftgate/DeckLid
 4WD/AWD
 Leather Seats
 Satellite Radio Ready
 Parking Sensors
 Rear View Camera
 Sunroof(s)
 Navigation System
 Tow Hitch
 Front Seat Heaters
 Auxiliary Audio Input
 Cruise Control
 Alloy Wheels
 Overhead Airbags
 Traction Control
 Side Airbags
 20 Inch Plus Wheels
 Memory Seat(s)
 A/C Seat(s)
 Rear Seat Heaters
 AM/FM Stereo
 Rear Defroster
 Air Conditioning
 Power Windows
 ABS Brakes
 Power Locks
 CD Audio
 Power Mirrors
 Rear Sunshade
 Automatic Transmission
 Power Seat(s)
 Bluetooth
 SiriusXM Trial Avail
 Smart Key
 Bose Sound System
 ",0,"9-22-2017, 5:4",,4WD
WP0AA2A82EK170972,Porsche,Cayman,,Cayman,2014,12397,Columbus,OH,"9-22-2017, 5:4",$44998.0,Used,Dealership,https://www.carmax.com/car/14647034/vehicle-history,White,Black,Automatic,,2014 Porsche Cayman,https://www.carmax.com/car/14647034,2.7L,"Premium Package
 Leather Seats
 Front Seat Heaters
 Alloy Wheels
 Rear Spoiler
 Memory Seat(s)
 Satellite Radio Ready
 Traction Control
 Cruise Control
 Auxiliary Audio Input
 Overhead Airbags
 Side Airbags
 AM/FM Stereo
 Rear Defroster
 Air Conditioning
 ABS Brakes
 Power Locks
 CD Audio
 Power Windows
 Power Mirrors
 Automatic Transmission
 Power Seat(s)
 Bluetooth
 SiriusXM Trial Avail
 2WD
 Bose Sound System
 ",0,"9-22-2017, 5:4",,2WD
WP0AA2A75DL016658,Porsche,Panamera,Platinum,Panamera Platinum,2013,53579,Cincinnati,OH,"9-22-2017, 5:4",$45998.0,Used,Dealership,https://www.carmax.com/car/14652275/vehicle-history,Black,Tan,Automatic,,2013 Porsche Panamera,https://www.carmax.com/car/14652275,3.6L,"Sport Package
 Power Liftgate/DeckLid
 Leather Seats
 Parking Sensors
 Rear View Camera
 Navigation System
 Front Seat Heaters
 A/C Seat(s)
 Sunroof(s)
 Satellite Radio Ready
 Auxiliary Audio Input
 Memory Seat(s)
 Rear Seat Heaters
 Overhead Airbags
 ABS Brakes
 Alloy Wheels
 CD Audio
 Rear Sunshade
 Power Locks
 Side Airbags
 Traction Control
 20 Inch Plus Wheels
 Air Conditioning
 Power Mirrors
 Cruise Control
 Rear Defroster
 AM/FM Stereo
 Power Windows
 Rear Spoiler
 Automatic Transmission
 Power Seat(s)
 Bluetooth
 SiriusXM Trial Avail
 Blind Spot Monitor
 Smart Key
 2WD
 Bose Sound System
 ",0,"9-22-2017, 5:4",,2WD
WP1AB2A5XFLB54841,Porsche,Macan,S,Macan S,2015,28903,Raleigh,NC,"9-22-2017, 5:4",$49998.0,Used,Dealership,https://www.carmax.com/car/15101846/vehicle-history,Blue,Tan,Automatic,,2015 Porsche Macan,https://www.carmax.com/car/15101846,3.0L,"Premium Package
 Power Liftgate/DeckLid
 4WD/AWD
 Turbo Charged Engine
 Leather Seats
 Satellite Radio Ready
 Parking Sensors
 Rear View Camera
 Panoramic Sunroof
 Navigation System
 Tow Hitch
 Front Seat Heaters
 Auxiliary Audio Input
 Cruise Control
 Alloy Wheels
 Overhead Airbags
 Traction Control
 Side Airbags
 20 Inch Plus Wheels
 Memory Seat(s)
 A/C Seat(s)
 Rear Seat Heaters
 AM/FM Stereo
 Rear Defroster
 Air Conditioning
 Power Windows
 ABS Brakes
 Power Locks
 CD Audio
 Power Mirrors
 Automatic Transmission
 Power Seat(s)
 Bluetooth
 SiriusXM Trial Avail
 Smart Key
 Bose Sound System
 ",0,"9-22-2017, 5:4",,4WD
WP1AA2A27ELA03995,Porsche,Cayenne,,Cayenne,2014,51625,Raleigh,NC,"9-22-2017, 5:4",$37998.0,Used,Dealership,https://www.carmax.com/car/14803513/vehicle-history,Black,Black,Automatic,,2014 Porsche Cayenne,https://www.carmax.com/car/14803513,3.6L,"Power Liftgate/DeckLid
 4WD/AWD
 Leather Seats
 Satellite Radio Ready
 Parking Sensors
 Rear View Camera
 Panoramic Sunroof
 Navigation System
 Front Seat Heaters
 Auxiliary Audio Input
 Cruise Control
 Alloy Wheels
 Overhead Airbags
 Traction Control
 Side Airbags
 Memory Seat(s)
 AM/FM Stereo
 Rear Defroster
 Air Conditioning
 Power Windows
 ABS Brakes
 Power Locks
 CD Audio
 Power Mirrors
 Automatic Transmission
 Power Seat(s)
 Bluetooth
 SiriusXM Trial Avail
 Bose Sound System
 ",0,"9-22-2017, 5:4",,4WD
WP1AB2A54FLB55337,Porsche,Macan,S,Macan S,2015,36340,Charlotte,NC,"9-22-2017, 5:4",$44998.0,Used,Dealership,https://www.carmax.com/car/14889858/vehicle-history,Black,Black,Automatic,,2015 Porsche Macan,https://www.carmax.com/car/14889858,3.0L,"Premium Package
 Power Liftgate/DeckLid
 4WD/AWD
 Turbo Charged Engine
 Leather &amp; Suede Seats
 Parking Sensors
 Rear View Camera
 Navigation System
 Front Seat Heaters
 Auxiliary Audio Input
 Cruise Control
 Alloy Wheels
 Overhead Airbags
 Traction Control
 Side Airbags
 20 Inch Plus Wheels
 Memory Seat(s)
 Rear Seat Heaters
 AM/FM Stereo
 Rear Defroster
 Air Conditioning
 Power Windows
 ABS Brakes
 Power Locks
 CD Audio
 Power Mirrors
 Automatic Transmission
 Power Seat(s)
 Bluetooth
 SiriusXM Trial Avail
 ",0,"9-22-2017, 5:4",,4WD
WP0AB2A85FK183441,Porsche,Cayman,S,Cayman S,2015,8091,Raleigh,NC,"9-22-2017, 5:4",$58998.0,Used,Dealership,https://www.carmax.com/car/14996946/vehicle-history,Blue,Blue,Automatic,,2015 Porsche Cayman,https://www.carmax.com/car/14996946,3.4L,"Sport Package
 Auto Cruise Control
 Full Leather Interior
 Alloy Wheels
 Rear Spoiler
 20 Inch Plus Wheels
 Traction Control
 Auxiliary Audio Input
 Overhead Airbags
 Side Airbags
 AM/FM Stereo
 Rear Defroster
 Air Conditioning
 ABS Brakes
 Power Locks
 CD Audio
 Power Windows
 Power Mirrors
 Automatic Transmission
 Bluetooth
 2WD
 ",0,"9-22-2017, 5:4",,2WD
WP1AB2A58FLB53459,Porsche,Macan,S,Macan S,2015,17772,Lynchburg,VA,"9-22-2017, 5:4",$48998.0,Used,Dealership,https://www.carmax.com/car/14803063/vehicle-history,Blue,Tan,Automatic,,2015 Porsche Macan,https://www.carmax.com/car/14803063,3.0L,"Premium Package
 Power Liftgate/DeckLid
 4WD/AWD
 Turbo Charged Engine
 Leather &amp; Suede Seats
 Satellite Radio Ready
 Parking Sensors
 Rear View Camera
 Panoramic Sunroof
 Navigation System
 Front Seat Heaters
 Auxiliary Audio Input
 Cruise Control
 Alloy Wheels
 Overhead Airbags
 Traction Control
 Side Airbags
 Memory Seat(s)
 Rear Seat Heaters
 AM/FM Stereo
 Rear Defroster
 Air Conditioning
 Power Windows
 ABS Brakes
 Power Locks
 CD Audio
 Power Mirrors
 Automatic Transmission
 Power Seat(s)
 Bluetooth
 SiriusXM Trial Avail
 Bose Sound System
 ",0,"9-22-2017, 5:4",,4WD
WP1AA2A27ELA95481,Porsche,Cayenne,,Cayenne,2014,35445,Harrisonburg,VA,"9-22-2017, 5:4",$42998.0,Used,Dealership,https://www.carmax.com/car/14904286/vehicle-history,White,Black,Automatic,,2014 Porsche Cayenne,https://www.carmax.com/car/14904286,3.6L,"Power Liftgate/DeckLid
 4WD/AWD
 Leather Seats
 Satellite Radio Ready
 Parking Sensors
 Rear View Camera
 Panoramic Sunroof
 Navigation System
 Tow Hitch
 Front Seat Heaters
 Auxiliary Audio Input
 Cruise Control
 Alloy Wheels
 Overhead Airbags
 Traction Control
 Side Airbags
 Memory Seat(s)
 AM/FM Stereo
 Rear Defroster
 Air Conditioning
 Power Windows
 ABS Brakes
 Power Locks
 CD Audio
 Power Mirrors
 Automatic Transmission
 Power Seat(s)
 Bluetooth
 SiriusXM Trial Avail
 Bose Sound System
 ",0,"9-22-2017, 5:4",,4WD
WP1AB2A50FLB52984,Porsche,Macan,S,Macan S,2015,14072,Boston,MA,"9-22-2017, 5:4",$51998.0,Used,Dealership,https://www.carmax.com/car/14744699/vehicle-history,White,Tan,Automatic,,2015 Porsche Macan,https://www.carmax.com/car/14744699,3.0L,"Premium Package
 Power Liftgate/DeckLid
 4WD/AWD
 Turbo Charged Engine
 Leather &amp; Suede Seats
 Parking Sensors
 Rear View Camera
 Panoramic Sunroof
 Navigation System
 Front Seat Heaters
 Auxiliary Audio Input
 Cruise Control
 Alloy Wheels
 Overhead Airbags
 Traction Control
 Side Airbags
 Memory Seat(s)
 Rear Seat Heaters
 AM/FM Stereo
 Rear Defroster
 Air Conditioning
 Power Windows
 ABS Brakes
 Power Locks
 CD Audio
 Power Mirrors
 Automatic Transmission
 Power Seat(s)
 ",0,"9-22-2017, 5:4",,4WD
WP1AA2A25ELA95625,Porsche,Cayenne,Platinum,Cayenne Platinum,2014,38002,Philadelphia,PA,"9-22-2017, 5:4",$45998.0,Used,Dealership,https://www.carmax.com/car/14904875/vehicle-history,Black,Black,Automatic,,2014 Porsche Cayenne,https://www.carmax.com/car/14904875,3.6L,"Power Liftgate/DeckLid
 4WD/AWD
 Leather Seats
 Satellite Radio Ready
 Parking Sensors
 Rear View Camera
 Panoramic Sunroof
 Navigation System
 Front Seat Heaters
 Auxiliary Audio Input
 Cruise Control
 Alloy Wheels
 Overhead Airbags
 Traction Control
 Side Airbags
 Memory Seat(s)
 A/C Seat(s)
 AM/FM Stereo
 Rear Defroster
 Air Conditioning
 Power Windows
 ABS Brakes
 Power Locks
 CD Audio
 Power Mirrors
 Automatic Transmission
 Power Seat(s)
 Bluetooth
 SiriusXM Trial Avail
 Blind Spot Monitor
 Bose Sound System
 ",0,"9-22-2017, 5:4",,4WD
WP1AA2A2XELA94177,Porsche,Cayenne,,Cayenne,2014,35850,Birmingham,AL,"9-22-2017, 5:4",$43998.0,Used,Dealership,https://www.carmax.com/car/14873762/vehicle-history,Black,Black,Automatic,,2014 Porsche Cayenne,https://www.carmax.com/car/14873762,3.6L,"Premium Package
 Power Liftgate/DeckLid
 4WD/AWD
 Leather Seats
 Satellite Radio Ready
 Parking Sensors
 Rear View Camera
 Sunroof(s)
 Navigation System
 Tow Hitch
 Front Seat Heaters
 Auxiliary Audio Input
 Cruise Control
 Alloy Wheels
 Overhead Airbags
 Traction Control
 Side Airbags
 Memory Seat(s)
 A/C Seat(s)
 Rear Seat Heaters
 AM/FM Stereo
 Rear Defroster
 Air Conditioning
 Power Windows
 ABS Brakes
 Power Locks
 CD Audio
 Power Mirrors
 Rear Sunshade
 Automatic Transmission
 Power Seat(s)
 Bluetooth
 SiriusXM Trial Avail
 Bose Sound System
 ",0,"9-22-2017, 5:4",,4WD
WP1AA2A24BLA03805,Porsche,Cayenne,,Cayenne,2011,52787,Boston,MA,"9-22-2017, 5:4",$29998.0,Used,Dealership,https://www.carmax.com/car/15064635/vehicle-history,White,Black,Automatic,,2011 Porsche Cayenne,https://www.carmax.com/car/15064635,3.6L,"Power Liftgate/DeckLid
 4WD/AWD
 Leather Seats
 Satellite Radio Ready
 Parking Sensors
 Rear View Camera
 Sunroof(s)
 Navigation System
 Front Seat Heaters
 Auxiliary Audio Input
 Adjustable Suspension
 Cruise Control
 Alloy Wheels
 Overhead Airbags
 Traction Control
 Side Airbags
 20 Inch Plus Wheels
 AM/FM Stereo
 Rear Defroster
 Air Conditioning
 Power Windows
 ABS Brakes
 Power Locks
 CD Audio
 Power Mirrors
 Automatic Transmission
 Power Seat(s)
 Bluetooth
 SiriusXM Trial Avail
 Bose Sound System
 ",0,"9-22-2017, 5:4",,4WD
WP1AB2A51FLB41461,Porsche,Macan,S,Macan S,2015,35271,St. Louis,IL,"9-22-2017, 5:4",$47998.0,Used,Dealership,https://www.carmax.com/car/14532313/vehicle-history,Gold,Brown,Automatic,,2015 Porsche Macan,https://www.carmax.com/car/14532313,3.0L,"Premium Package
 Power Liftgate/DeckLid
 4WD/AWD
 Turbo Charged Engine
 Leather Seats
 Satellite Radio Ready
 Parking Sensors
 Rear View Camera
 Panoramic Sunroof
 Navigation System
 Front Seat Heaters
 Auxiliary Audio Input
 Cruise Control
 Alloy Wheels
 Overhead Airbags
 Traction Control
 Side Airbags
 20 Inch Plus Wheels
 Rear Air Conditioning
 Memory Seat(s)
 A/C Seat(s)
 Rear Seat Heaters
 AM/FM Stereo
 Rear Defroster
 Air Conditioning
 Power Windows
 ABS Brakes
 Power Locks
 CD Audio
 Power Mirrors
 Rear Sunshade
 Automatic Transmission
 Power Seat(s)
 Bluetooth
 SiriusXM Trial Avail
 Smart Key
 Bose Sound System
 ",0,"9-22-2017, 5:4",,4WD
WP1AA2A22ELA04181,Porsche,Cayenne,,Cayenne,2014,44759,Raleigh,NC,"9-22-2017, 5:4",$41998.0,Used,Dealership,https://www.carmax.com/car/15033280/vehicle-history,Black,Black,Automatic,,2014 Porsche Cayenne,https://www.carmax.com/car/15033280,3.6L,"Premium Package
 Convenience Package
 Power Liftgate/DeckLid
 4WD/AWD
 Leather Seats
 Satellite Radio Ready
 Parking Sensors
 Rear View Camera
 Panoramic Sunroof
 Navigation System
 Front Seat Heaters
 Auxiliary Audio Input
 Cruise Control
 Alloy Wheels
 Overhead Airbags
 Traction Control
 Side Airbags
 Memory Seat(s)
 AM/FM Stereo
 Rear Defroster
 Air Conditioning
 Power Windows
 ABS Brakes
 Power Locks
 CD Audio
 Power Mirrors
 Automatic Transmission
 Power Seat(s)
 Bluetooth
 SiriusXM Trial Avail
 ",0,"9-22-2017, 5:4",,4WD
WP1AA2A24BLA03190,Porsche,Cayenne,,Cayenne,2011,52130,East Haven,CT,"9-22-2017, 5:4",$29998.0,Used,Dealership,https://www.carmax.com/car/14245452/vehicle-history,Silver,Black,Automatic,,2011 Porsche Cayenne,https://www.carmax.com/car/14245452,3.6L,"Power Liftgate/DeckLid
 4WD/AWD
 Leather Seats
 Panoramic Sunroof
 Navigation System
 Front Seat Heaters
 Auxiliary Audio Input
 Cruise Control
 Alloy Wheels
 Overhead Airbags
 Traction Control
 Side Airbags
 Memory Seat(s)
 Rear Seat Heaters
 AM/FM Stereo
 Rear Defroster
 Air Conditioning
 Power Windows
 ABS Brakes
 Power Locks
 CD Audio
 Power Mirrors
 Automatic Transmission
 Power Seat(s)
 Bluetooth
 ",0,"9-22-2017, 5:4",,4WD
WP0AA2A81GK171873,Porsche,Cayman,Black Edition,Cayman Black Edition,2016,1205,Gainesville,FL,"9-22-2017, 5:4",$57998.0,Used,Dealership,https://www.carmax.com/car/12985829/vehicle-history,Black,Black,Manual,,2016 Porsche Cayman,https://www.carmax.com/car/12985829,2.7L,"Sport Package
 Leather Seats
 Rear View Camera
 Parking Sensors
 Front Seat Heaters
 Navigation System
 Alloy Wheels
 A/C Seat(s)
 Rear Spoiler
 20 Inch Plus Wheels
 Satellite Radio Ready
 Traction Control
 Cruise Control
 Auxiliary Audio Input
 Side Airbags
 AM/FM Stereo
 Rear Defroster
 Air Conditioning
 ABS Brakes
 Power Locks
 CD Audio
 Power Windows
 Power Mirrors
 Manual Transmission
 Power Seat(s)
 Bluetooth
 SiriusXM Trial Avail
 Smart Key
 2WD
 Bose Sound System
 ",0,"9-22-2017, 5:4",,2WD
WP0CB2A82FS140247,Porsche,Boxster,S,Boxster S,2015,15058,Orlando,FL,"9-22-2017, 5:4",$53998.0,Used,Dealership,https://www.carmax.com/car/14970407/vehicle-history,Blue,Brown,Automatic,,2015 Porsche Boxster,https://www.carmax.com/car/14970407,3.4L,"Soft Top
 Premium Package
 Leather Seats
 Front Seat Heaters
 Navigation System
 Alloy Wheels
 Rear Spoiler
 Memory Seat(s)
 20 Inch Plus Wheels
 Satellite Radio Ready
 Traction Control
 Cruise Control
 Auxiliary Audio Input
 Side Airbags
 AM/FM Stereo
 Rear Defroster
 Air Conditioning
 ABS Brakes
 Power Locks
 CD Audio
 Power Windows
 Power Mirrors
 Automatic Transmission
 Power Seat(s)
 Bluetooth
 SiriusXM Trial Avail
 2WD
 Bose Sound System
 ",0,"9-22-2017, 5:4",,2WD
WP0AB2A93ES122855,Porsche,911,Carrera S,911 Carrera S,2014,5583,Orlando,FL,"9-22-2017, 5:4",$80998.0,Used,Dealership,https://www.carmax.com/car/15155533/vehicle-history,Black,Black,Automatic,,2014 Porsche 911,https://www.carmax.com/car/15155533,3.8L,"Premium Package
 Leather Seats
 Parking Sensors
 Front Seat Heaters
 Navigation System
 Sunroof(s)
 Alloy Wheels
 Rear Spoiler
 Memory Seat(s)
 20 Inch Plus Wheels
 Satellite Radio Ready
 Traction Control
 Cruise Control
 Auxiliary Audio Input
 Overhead Airbags
 Side Airbags
 AM/FM Stereo
 Rear Defroster
 Air Conditioning
 ABS Brakes
 Power Locks
 CD Audio
 Power Windows
 Power Mirrors
 Automatic Transmission
 Power Seat(s)
 Bluetooth
 SiriusXM Trial Avail
 2WD
 Bose Sound System
 ",0,"9-22-2017, 5:4",,2WD
WP1AA2A20DLA10589,Porsche,Cayenne,,Cayenne,2013,45351,Hickory,NC,"9-22-2017, 5:4",$34998.0,Used,Dealership,https://www.carmax.com/car/14720216/vehicle-history,Silver,Black,Automatic,,2013 Porsche Cayenne,https://www.carmax.com/car/14720216,3.6L,"Power Liftgate/DeckLid
 4WD/AWD
 Leather Seats
 Parking Sensors
 Rear View Camera
 Sunroof(s)
 Navigation System
 Front Seat Heaters
 Auxiliary Audio Input
 Cruise Control
 Alloy Wheels
 Overhead Airbags
 Traction Control
 Side Airbags
 Memory Seat(s)
 Rear Seat Heaters
 AM/FM Stereo
 Rear Defroster
 Air Conditioning
 Power Windows
 ABS Brakes
 Power Locks
 CD Audio
 Power Mirrors
 Automatic Transmission
 Power Seat(s)
 Bluetooth
 ",0,"9-22-2017, 5:4",,4WD
WP1AB2A51FLB44912,Porsche,Macan,S,Macan S,2015,27799,Memphis,TN,"9-22-2017, 5:4",$47998.0,Used,Dealership,https://www.carmax.com/car/14803070/vehicle-history,Silver,Black,Automatic,,2015 Porsche Macan,https://www.carmax.com/car/14803070,3.0L,"Premium Package
 Power Liftgate/DeckLid
 4WD/AWD
 Turbo Charged Engine
 Leather Seats
 Satellite Radio Ready
 Parking Sensors
 Rear View Camera
 Panoramic Sunroof
 Navigation System
 Front Seat Heaters
 Auxiliary Audio Input
 Cruise Control
 Alloy Wheels
 Overhead Airbags
 Traction Control
 Side Airbags
 20 Inch Plus Wheels
 Memory Seat(s)
 A/C Seat(s)
 Rear Seat Heaters
 AM/FM Stereo
 Rear Defroster
 Air Conditioning
 Power Windows
 ABS Brakes
 Power Locks
 CD Audio
 Power Mirrors
 Automatic Transmission
 Power Seat(s)
 Bluetooth
 Automated Parking
 SiriusXM Trial Avail
 Smart Key
 ",0,"9-22-2017, 5:4",,4WD
WP0AC2A73DL090011,Porsche,Panamera,Turbo,Panamera Turbo,2013,11228,Orlando,FL,"9-22-2017, 5:4",$71998.0,Used,Dealership,https://www.carmax.com/car/14982961/vehicle-history,Black,Black,Automatic,,2013 Porsche Panamera,https://www.carmax.com/car/14982961,4.8L,"4WD/AWD
 Power Liftgate/DeckLid
 Turbo Charged Engine
 Full Leather Interior
 Parking Sensors
 Rear View Camera
 Navigation System
 Front Seat Heaters
 A/C Seat(s)
 Sunroof(s)
 Satellite Radio Ready
 Auxiliary Audio Input
 Memory Seat(s)
 Rear Seat Heaters
 Overhead Airbags
 ABS Brakes
 Alloy Wheels
 CD Audio
 Rear Sunshade
 Power Locks
 Side Airbags
 Traction Control
 20 Inch Plus Wheels
 Air Conditioning
 Power Mirrors
 Cruise Control
 Rear Defroster
 AM/FM Stereo
 Power Windows
 Rear Spoiler
 Automatic Transmission
 Power Seat(s)
 Bluetooth
 SiriusXM Trial Avail
 Smart Key
 Rear A/C Seat(s)
 Bose Sound System
 ",0,"9-22-2017, 5:4",,4WD
WP1AA2A22CLA02976,Porsche,Cayenne,,Cayenne,2012,49319,Orlando,FL,"9-22-2017, 5:4",$35998.0,Used,Dealership,https://www.carmax.com/car/14277940/vehicle-history,White,Beige,Automatic,,2012 Porsche Cayenne,https://www.carmax.com/car/14277940,3.6L,"Power Liftgate/DeckLid
 4WD/AWD
 Leather Seats
 Satellite Radio Ready
 Navigation System
 Auxiliary Audio Input
 Adjustable Suspension
 Cruise Control
 Alloy Wheels
 Overhead Airbags
 Traction Control
 Side Airbags
 20 Inch Plus Wheels
 AM/FM Stereo
 Rear Defroster
 Air Conditioning
 Power Windows
 ABS Brakes
 Power Locks
 CD Audio
 Power Mirrors
 Automatic Transmission
 Power Seat(s)
 Bluetooth
 SiriusXM Trial Avail
 ",0,"9-22-2017, 5:4",,4WD
WP1AA2A2XELA91117,Porsche,Cayenne,,Cayenne,2014,15261,Boynton Beach,FL,"9-22-2017, 5:4",$45998.0,Used,Dealership,https://www.carmax.com/car/14918913/vehicle-history,Black,Black,Automatic,,2014 Porsche Cayenne,https://www.carmax.com/car/14918913,3.6L,"Premium Package
 Power Liftgate/DeckLid
 4WD/AWD
 Leather Seats
 Satellite Radio Ready
 Parking Sensors
 Rear View Camera
 Sunroof(s)
 Navigation System
 Tow Hitch
 Front Seat Heaters
 Auxiliary Audio Input
 Cruise Control
 Alloy Wheels
 Overhead Airbags
 Traction Control
 Side Airbags
 Memory Seat(s)
 AM/FM Stereo
 Rear Defroster
 Air Conditioning
 Power Windows
 ABS Brakes
 Power Locks
 CD Audio
 Power Mirrors
 Automatic Transmission
 Power Seat(s)
 Bluetooth
 SiriusXM Trial Avail
 ",0,"9-22-2017, 5:4",,4WD
WP1AD2A23GLA75190,Porsche,Cayenne,GTS,Cayenne GTS,2016,36950,Orlando,FL,"9-22-2017, 5:4",$74998.0,Used,Dealership,https://www.carmax.com/car/14683277/vehicle-history,Black,Black,Automatic,,2016 Porsche Cayenne,https://www.carmax.com/car/14683277,3.6L,"Power Liftgate/DeckLid
 4WD/AWD
 Turbo Charged Engine
 Leather Seats
 Satellite Radio Ready
 Parking Sensors
 Rear View Camera
 Panoramic Sunroof
 Navigation System
 Front Seat Heaters
 Auxiliary Audio Input
 Adjustable Suspension
 Cruise Control
 Alloy Wheels
 Overhead Airbags
 Traction Control
 Side Airbags
 20 Inch Plus Wheels
 Memory Seat(s)
 A/C Seat(s)
 Rear Seat Heaters
 AM/FM Stereo
 Rear Defroster
 Air Conditioning
 Power Windows
 ABS Brakes
 Power Locks
 CD Audio
 Power Mirrors
 Automatic Transmission
 Power Seat(s)
 Bluetooth
 SiriusXM Trial Avail
 Smart Key
 Bose Sound System
 ",0,"9-22-2017, 5:4",,4WD
WP0AB29838U780681,Porsche,Cayman,S,Cayman S,2008,25103,Boynton Beach,FL,"9-22-2017, 5:4",$36998.0,Used,Dealership,https://www.carmax.com/car/14989031/vehicle-history,Gray,Black,Manual,,2008 Porsche Cayman,https://www.carmax.com/car/14989031,3.4L,"Leather &amp; Suede Seats
 Front Seat Heaters
 Navigation System
 Alloy Wheels
 Adjustable Suspension
 Rear Spoiler
 Cruise Control
 Side Airbags
 AM/FM Stereo
 Rear Defroster
 Air Conditioning
 ABS Brakes
 Power Locks
 CD Audio
 Power Windows
 Power Mirrors
 Manual Transmission
 Bluetooth
 2WD
 Bose Sound System
 ",0,"9-22-2017, 5:4",,2WD
WP1AA2A28ELA95425,Porsche,Cayenne,Platinum,Cayenne Platinum,2014,16721,Pompano Beach,FL,"9-22-2017, 5:4",$48998.0,Used,Dealership,https://www.carmax.com/car/14957683/vehicle-history,White,Black,Automatic,,2014 Porsche Cayenne,https://www.carmax.com/car/14957683,3.6L,"Power Liftgate/DeckLid
 4WD/AWD
 Leather Seats
 Satellite Radio Ready
 Parking Sensors
 Rear View Camera
 Sunroof(s)
 Navigation System
 Tow Hitch
 Front Seat Heaters
 Auxiliary Audio Input
 Cruise Control
 Alloy Wheels
 Overhead Airbags
 Traction Control
 Side Airbags
 20 Inch Plus Wheels
 Memory Seat(s)
 AM/FM Stereo
 Rear Defroster
 Air Conditioning
 Power Windows
 ABS Brakes
 Power Locks
 CD Audio
 Power Mirrors
 Automatic Transmission
 Power Seat(s)
 Bluetooth
 SiriusXM Trial Avail
 Smart Key
 Bose Sound System
 ",0,"9-22-2017, 5:4",,4WD
VIN,Listing_Make,Listing_Model,Listing_Trim,Listing_Model_Detail,Listing_Year,Mileage,City,State,Listing_Date,Price,Condition,Seller_Type,VHR_Link,Listing_Exterior_Color,Listing_Interior_Color,Listing_Transmission,Listing_Transmission_Detail,Listing_Title,Listing_URL,Listing_Engine_Size,Listing_Description,Sold_Status,Sold_Date,Listing_Body_Type,Listing_Drivetrain
WP1AB2A59FLB43099,Porsche,Macan,S,Macan S,2015,13565,Virginia Beach,VA,"9-24-2017, 4:11",$48998.0,Used,Dealership,https://www.carmax.com/car/14904995/vehicle-history,Black,Black,Automatic,,2015 Porsche Macan,https://www.carmax.com/car/14904995,3.0L,"Premium Package
 Power Liftgate/DeckLid
 4WD/AWD
 Turbo Charged Engine
 Leather Seats
 Satellite Radio Ready
 Parking Sensors
 Rear View Camera
 Panoramic Sunroof
 Navigation System
 Front Seat Heaters
 Auxiliary Audio Input
 Cruise Control
 Alloy Wheels
 Overhead Airbags
 Traction Control
 Side Airbags
 Memory Seat(s)
 A/C Seat(s)
 Rear Seat Heaters
 AM/FM Stereo
 Rear Defroster
 Air Conditioning
 Power Windows
 ABS Brakes
 Power Locks
 CD Audio
 Power Mirrors
 Automatic Transmission
 Power Seat(s)
 Bluetooth
 SiriusXM Trial Avail
 Smart Key
 ",0,"9-24-2017, 4:11",,4WD
WP1AA2A27ELA09974,Porsche,Cayenne,,Cayenne,2014,22957,Woodbridge,VA,"9-24-2017, 4:11",$43998.0,Used,Dealership,https://www.carmax.com/car/14803731/vehicle-history,Black,Black,Automatic,,2014 Porsche Cayenne,https://www.carmax.com/car/14803731,3.6L,"Power Liftgate/DeckLid
 4WD/AWD
 Leather Seats
 Satellite Radio Ready
 Parking Sensors
 Rear View Camera
 Sunroof(s)
 Navigation System
 Tow Hitch
 Front Seat Heaters
 Auxiliary Audio Input
 Cruise Control
 Alloy Wheels
 Overhead Airbags
 Traction Control
 Side Airbags
 Memory Seat(s)
 AM/FM Stereo
 Rear Defroster
 Air Conditioning
 Power Windows
 ABS Brakes
 Power Locks
 CD Audio
 Power Mirrors
 Automatic Transmission
 Power Seat(s)
 Bluetooth
 SiriusXM Trial Avail
 Bose Sound System
 ",0,"9-24-2017, 4:11",,4WD
WP1AB2A55FLB57629,Porsche,Macan,S,Macan S,2015,38671,Virginia Beach,VA,"9-24-2017, 4:11",$44998.0,Used,Dealership,https://www.carmax.com/car/14904242/vehicle-history,Black,Black,Automatic,,2015 Porsche Macan,https://www.carmax.com/car/14904242,3.0L,"Premium Package
 Power Liftgate/DeckLid
 4WD/AWD
 Turbo Charged Engine
 Leather Seats
 Satellite Radio Ready
 Parking Sensors
 Rear View Camera
 Navigation System
 Tow Hitch
 Front Seat Heaters
 Auxiliary Audio Input
 Cruise Control
 Alloy Wheels
 Overhead Airbags
 Traction Control
 Side Airbags
 Full Roof Rack
 Memory Seat(s)
 AM/FM Stereo
 Rear Defroster
 Air Conditioning
 Power Windows
 ABS Brakes
 Power Locks
 CD Audio
 Power Mirrors
 Automatic Transmission
 Power Seat(s)
 Bluetooth
 SiriusXM Trial Avail
 ",0,"9-24-2017, 4:11",,4WD
WP1AA2A29ELA91917,Porsche,Cayenne,Platinum,Cayenne Platinum,2014,49271,Virginia Beach,VA,"9-24-2017, 4:11",$37998.0,Used,Dealership,https://www.carmax.com/car/14802832/vehicle-history,Gray,Black,Automatic,,2014 Porsche Cayenne,https://www.carmax.com/car/14802832,3.6L,"Premium Package
 Convenience Package
 Power Liftgate/DeckLid
 4WD/AWD
 Leather Seats
 Satellite Radio Ready
 Parking Sensors
 Rear View Camera
 Panoramic Sunroof
 Navigation System
 Tow Hitch
 Front Seat Heaters
 Auxiliary Audio Input
 Cruise Control
 Alloy Wheels
 Overhead Airbags
 Traction Control
 Side Airbags
 Memory Seat(s)
 AM/FM Stereo
 Rear Defroster
 Air Conditioning
 Power Windows
 ABS Brakes
 Power Locks
 CD Audio
 Power Mirrors
 Automatic Transmission
 Power Seat(s)
 Bluetooth
 SiriusXM Trial Avail
 Blind Spot Monitor
 Bose Sound System
 ",0,"9-24-2017, 4:11",,4WD
WP0AF2A79DL076394,Porsche,Panamera,GTS,Panamera GTS,2013,49911,Dulles,VA,"9-24-2017, 4:11",$55998.0,Used,Dealership,https://www.carmax.com/car/14451355/vehicle-history,Red,Black,Automatic,,2013 Porsche Panamera,https://www.carmax.com/car/14451355,4.8L,"4WD/AWD
 Power Liftgate/DeckLid
 Leather &amp; Suede Seats
 Parking Sensors
 Rear View Camera
 Navigation System
 Front Seat Heaters
 Sunroof(s)
 Satellite Radio Ready
 Auxiliary Audio Input
 Memory Seat(s)
 Overhead Airbags
 ABS Brakes
 Alloy Wheels
 CD Audio
 Power Locks
 Side Airbags
 Traction Control
 20 Inch Plus Wheels
 Air Conditioning
 Power Mirrors
 Cruise Control
 Rear Defroster
 AM/FM Stereo
 Power Windows
 Rear Spoiler
 Automatic Transmission
 Power Seat(s)
 Bluetooth
 SiriusXM Trial Avail
 Blind Spot Monitor
 Smart Key
 Bose Sound System
 ",0,"9-24-2017, 4:11",,4WD
WP1AB2A55FLB72826,Porsche,Macan,S,Macan S,2015,4599,Dulles,VA,"9-24-2017, 4:11",$50998.0,Used,Dealership,https://www.carmax.com/car/15102568/vehicle-history,Blue,Black,Automatic,,2015 Porsche Macan,https://www.carmax.com/car/15102568,3.0L,"Power Liftgate/DeckLid
 4WD/AWD
 Turbo Charged Engine
 Leather &amp; Suede Seats
 Parking Sensors
 Rear View Camera
 Auxiliary Audio Input
 Cruise Control
 Alloy Wheels
 Overhead Airbags
 Traction Control
 Side Airbags
 Memory Seat(s)
 AM/FM Stereo
 Rear Defroster
 Air Conditioning
 Power Windows
 ABS Brakes
 Power Locks
 CD Audio
 Power Mirrors
 Rear Sunshade
 Automatic Transmission
 Power Seat(s)
 Bluetooth
 Smart Key
 ",0,"9-24-2017, 4:11",,4WD
WP0AA2A71DL013174,Porsche,Panamera,4,Panamera 4,2013,38633,Dulles,VA,"9-24-2017, 4:11",$44998.0,Used,Dealership,https://www.carmax.com/car/15053765/vehicle-history,Brown,Tan,Automatic,,2013 Porsche Panamera,https://www.carmax.com/car/15053765,3.6L,"Premium Package
 Sport Package
 4WD/AWD
 Power Liftgate/DeckLid
 Leather Seats
 Parking Sensors
 Rear View Camera
 Navigation System
 Front Seat Heaters
 Sunroof(s)
 Satellite Radio Ready
 Auxiliary Audio Input
 Memory Seat(s)
 Rear Seat Heaters
 Overhead Airbags
 ABS Brakes
 Alloy Wheels
 CD Audio
 Rear Sunshade
 Power Locks
 Side Airbags
 Traction Control
 20 Inch Plus Wheels
 Air Conditioning
 Power Mirrors
 Cruise Control
 Rear Defroster
 AM/FM Stereo
 Power Windows
 Rear Spoiler
 Automatic Transmission
 Power Seat(s)
 Bluetooth
 SiriusXM Trial Avail
 Blind Spot Monitor
 Smart Key
 Bose Sound System
 ",0,"9-24-2017, 4:11",,4WD
WP0AF2A74DL076352,Porsche,Panamera,GTS,Panamera GTS,2013,37460,Dulles,VA,"9-24-2017, 4:11",$58998.0,Used,Dealership,https://www.carmax.com/car/15052701/vehicle-history,Black,Black,Automatic,,2013 Porsche Panamera,https://www.carmax.com/car/15052701,4.8L,"4WD/AWD
 Power Liftgate/DeckLid
 Full Leather Interior
 Parking Sensors
 Navigation System
 Front Seat Heaters
 Sunroof(s)
 Auxiliary Audio Input
 Memory Seat(s)
 Overhead Airbags
 ABS Brakes
 Alloy Wheels
 CD Audio
 Power Locks
 Side Airbags
 Traction Control
 20 Inch Plus Wheels
 Air Conditioning
 Power Mirrors
 Cruise Control
 Rear Defroster
 AM/FM Stereo
 Power Windows
 Rear Spoiler
 Automatic Transmission
 Power Seat(s)
 Bluetooth
 ",0,"9-24-2017, 4:11",,4WD
WP1AE2A22GLA17410,Porsche,Cayenne Hybrid,S,Cayenne Hybrid S,2016,11201,Dulles,VA,"9-24-2017, 4:11",$65998.0,Used,Dealership,https://www.carmax.com/car/14608691/vehicle-history,Black,Tan,Automatic,,2016 Porsche Cayenne Hybrid,https://www.carmax.com/car/14608691,3.0L,"Power Liftgate/DeckLid
 4WD/AWD
 Turbo Charged Engine
 Leather Seats
 Satellite Radio Ready
 Parking Sensors
 Rear View Camera
 Panoramic Sunroof
 Navigation System
 Front Seat Heaters
 Auxiliary Audio Input
 Cruise Control
 Alloy Wheels
 Overhead Airbags
 Traction Control
 Side Airbags
 Memory Seat(s)
 A/C Seat(s)
 AM/FM Stereo
 Rear Defroster
 Air Conditioning
 Power Windows
 ABS Brakes
 Power Locks
 CD Audio
 Power Mirrors
 Automatic Transmission
 Power Seat(s)
 Bluetooth
 SiriusXM Trial Avail
 Smart Key
 Bose Sound System
 ",0,"9-24-2017, 4:11",,4WD
WP1AB2A29ELA58378,Porsche,Cayenne,S,Cayenne S,2014,53464,Newport News,VA,"9-24-2017, 4:11",$41998.0,Used,Dealership,https://www.carmax.com/car/14904870/vehicle-history,Blue,Tan,Automatic,,2014 Porsche Cayenne,https://www.carmax.com/car/14904870,4.8L,"Power Liftgate/DeckLid
 4WD/AWD
 Leather Seats
 Satellite Radio Ready
 Parking Sensors
 Rear View Camera
 Panoramic Sunroof
 Navigation System
 Tow Hitch
 Front Seat Heaters
 Auxiliary Audio Input
 Cruise Control
 Alloy Wheels
 Overhead Airbags
 Traction Control
 Side Airbags
 Memory Seat(s)
 A/C Seat(s)
 Rear Seat Heaters
 AM/FM Stereo
 Rear Defroster
 Air Conditioning
 Power Windows
 ABS Brakes
 Power Locks
 CD Audio
 Power Mirrors
 Rear Sunshade
 Automatic Transmission
 Power Seat(s)
 Bluetooth
 SiriusXM Trial Avail
 Smart Key
 Bose Sound System
 ",0,"9-24-2017, 4:11",,4WD
WP0AB2A90DS122052,Porsche,911,Carrera 4S,911 Carrera 4S,2013,33866,Dulles,VA,"9-24-2017, 4:11",$67998.0,Used,Dealership,https://www.carmax.com/car/15053087/vehicle-history,Black,Black,Automatic,,2013 Porsche 911,https://www.carmax.com/car/15053087,3.8L,"Premium Package
 Sport Package
 Leather Seats
 Front Seat Heaters
 Navigation System
 Sunroof(s)
 Alloy Wheels
 A/C Seat(s)
 Rear Spoiler
 Memory Seat(s)
 20 Inch Plus Wheels
 Satellite Radio Ready
 Traction Control
 Cruise Control
 Auxiliary Audio Input
 Overhead Airbags
 Side Airbags
 AM/FM Stereo
 Rear Defroster
 Air Conditioning
 ABS Brakes
 Power Locks
 CD Audio
 Power Windows
 Power Mirrors
 Automatic Transmission
 Power Seat(s)
 4WD/AWD
 Bluetooth
 SiriusXM Trial Avail
 Smart Key
 Bose Sound System
 ",0,"9-24-2017, 4:11",,4WD
WP1AB2A52FLB64344,Porsche,Macan,S,Macan S,2015,22231,Frederick,MD,"9-24-2017, 4:11",$46899.0,Used,Dealership,https://www.carmax.com/car/14549281/vehicle-history,Black,Black,Automatic,,2015 Porsche Macan,https://www.carmax.com/car/14549281,3.0L,"Premium Package
 Power Liftgate/DeckLid
 4WD/AWD
 Turbo Charged Engine
 Leather Seats
 Satellite Radio Ready
 Parking Sensors
 Rear View Camera
 Navigation System
 Front Seat Heaters
 Auxiliary Audio Input
 Cruise Control
 Alloy Wheels
 Overhead Airbags
 Traction Control
 Side Airbags
 Memory Seat(s)
 Rear Seat Heaters
 AM/FM Stereo
 Rear Defroster
 Air Conditioning
 Power Windows
 ABS Brakes
 Power Locks
 CD Audio
 Power Mirrors
 Automatic Transmission
 Power Seat(s)
 Bluetooth
 SiriusXM Trial Avail
 ",0,"9-24-2017, 4:11",,4WD
WP1AE2A25GLA58341,Porsche,Cayenne Hybrid,S,Cayenne Hybrid S,2016,10033,Laurel,MD,"9-24-2017, 4:11",$60899.0,Used,Dealership,https://www.carmax.com/car/14927517/vehicle-history,Black,Black,Automatic,,2016 Porsche Cayenne Hybrid,https://www.carmax.com/car/14927517,3.0L,"Premium Package
 Power Liftgate/DeckLid
 4WD/AWD
 Leather Seats
 Satellite Radio Ready
 Parking Sensors
 Rear View Camera
 Panoramic Sunroof
 Navigation System
 Front Seat Heaters
 Auxiliary Audio Input
 Cruise Control
 Alloy Wheels
 Overhead Airbags
 Traction Control
 Side Airbags
 Memory Seat(s)
 A/C Seat(s)
 AM/FM Stereo
 Rear Defroster
 Air Conditioning
 Power Windows
 ABS Brakes
 Power Locks
 CD Audio
 Power Mirrors
 Automatic Transmission
 Power Seat(s)
 Bluetooth
 SiriusXM Trial Avail
 Bose Sound System
 Super Charged Engine
 ",0,"9-24-2017, 4:11",,4WD
WP1AB2A51FLB54601,Porsche,Macan,S,Macan S,2015,41009,Laurel,MD,"9-24-2017, 4:11",$47899.0,Used,Dealership,https://www.carmax.com/car/14927813/vehicle-history,Black,Black,Automatic,,2015 Porsche Macan,https://www.carmax.com/car/14927813,3.0L,"Premium Package
 Power Liftgate/DeckLid
 Auto Cruise Control
 4WD/AWD
 Turbo Charged Engine
 Leather Seats
 Satellite Radio Ready
 Parking Sensors
 Rear View Camera
 Panoramic Sunroof
 Navigation System
 Front Seat Heaters
 Auxiliary Audio Input
 Alloy Wheels
 Overhead Airbags
 Traction Control
 Side Airbags
 20 Inch Plus Wheels
 Memory Seat(s)
 A/C Seat(s)
 Rear Seat Heaters
 AM/FM Stereo
 Rear Defroster
 Air Conditioning
 Power Windows
 ABS Brakes
 Power Locks
 CD Audio
 Power Mirrors
 Rear Sunshade
 Automatic Transmission
 Power Seat(s)
 Bluetooth
 SiriusXM Trial Avail
 Smart Key
 Lane Departure Warning
 ",0,"9-24-2017, 4:11",,4WD
WP1AB2A53FLB50405,Porsche,Macan,S,Macan S,2015,19651,Merrillville,IN,"9-24-2017, 4:11",$52998.0,Used,Dealership,https://www.carmax.com/car/14327217/vehicle-history,Gray,Black,Automatic,,2015 Porsche Macan,https://www.carmax.com/car/14327217,3.0L,"Premium Package
 Power Liftgate/DeckLid
 4WD/AWD
 Turbo Charged Engine
 Leather Seats
 Satellite Radio Ready
 Parking Sensors
 Rear View Camera
 Panoramic Sunroof
 Navigation System
 Front Seat Heaters
 Auxiliary Audio Input
 Cruise Control
 Alloy Wheels
 Overhead Airbags
 Traction Control
 Side Airbags
 Rear Air Conditioning
 Memory Seat(s)
 Rear Seat Heaters
 AM/FM Stereo
 Rear Defroster
 Air Conditioning
 Power Windows
 ABS Brakes
 Power Locks
 CD Audio
 Power Mirrors
 Automatic Transmission
 Power Seat(s)
 Bluetooth
 SiriusXM Trial Avail
 ",0,"9-24-2017, 4:11",,4WD
WP1AB2A27ELA56726,Porsche,Cayenne,S,Cayenne S,2014,45377,Salisbury,MD,"9-24-2017, 4:11",$43899.0,Used,Dealership,https://www.carmax.com/car/14996125/vehicle-history,Blue,Tan,Automatic,,2014 Porsche Cayenne,https://www.carmax.com/car/14996125,4.8L,"Power Liftgate/DeckLid
 4WD/AWD
 Leather Seats
 Parking Sensors
 Rear View Camera
 Sunroof(s)
 Navigation System
 Tow Hitch
 Front Seat Heaters
 Auxiliary Audio Input
 Cruise Control
 Alloy Wheels
 Overhead Airbags
 Traction Control
 Side Airbags
 Memory Seat(s)
 AM/FM Stereo
 Rear Defroster
 Air Conditioning
 Power Windows
 ABS Brakes
 Power Locks
 CD Audio
 Power Mirrors
 Automatic Transmission
 Power Seat(s)
 Bluetooth
 Blind Spot Monitor
 Lane Departure Warning
 ",0,"9-24-2017, 4:11",,4WD
WP0AB2A83EK193495,Porsche,Cayman,S,Cayman S,2014,10127,Greenville,SC,"9-24-2017, 4:11",$55998.0,Used,Dealership,https://www.carmax.com/car/15080747/vehicle-history,White,Black,Automatic,,2014 Porsche Cayman,https://www.carmax.com/car/15080747,3.4L,"Premium Package
 Sport Package
 Leather Seats
 Front Seat Heaters
 Navigation System
 Alloy Wheels
 A/C Seat(s)
 Rear Spoiler
 Memory Seat(s)
 20 Inch Plus Wheels
 Satellite Radio Ready
 Traction Control
 Cruise Control
 Auxiliary Audio Input
 Overhead Airbags
 Side Airbags
 AM/FM Stereo
 Rear Defroster
 Air Conditioning
 ABS Brakes
 Power Locks
 CD Audio
 Power Windows
 Power Mirrors
 Automatic Transmission
 Power Seat(s)
 Bluetooth
 Convenience Package
 SiriusXM Trial Avail
 2WD
 Bose Sound System
 ",0,"9-24-2017, 4:11",,2WD
WP1AA2A25ELA05146,Porsche,Cayenne,,Cayenne,2014,49939,Ellicott City,MD,"9-24-2017, 4:11",$38899.0,Used,Dealership,https://www.carmax.com/car/14904872/vehicle-history,Brown,Tan,Automatic,,2014 Porsche Cayenne,https://www.carmax.com/car/14904872,3.6L,"Premium Package
 Power Liftgate/DeckLid
 4WD/AWD
 Leather Seats
 Satellite Radio Ready
 Parking Sensors
 Rear View Camera
 Panoramic Sunroof
 Navigation System
 Front Seat Heaters
 Auxiliary Audio Input
 Cruise Control
 Alloy Wheels
 Overhead Airbags
 Traction Control
 Side Airbags
 Memory Seat(s)
 A/C Seat(s)
 Rear Seat Heaters
 AM/FM Stereo
 Rear Defroster
 Air Conditioning
 Power Windows
 ABS Brakes
 Power Locks
 CD Audio
 Power Mirrors
 Rear Sunshade
 Automatic Transmission
 Power Seat(s)
 Bluetooth
 SiriusXM Trial Avail
 Bose Sound System
 ",0,"9-24-2017, 4:11",,4WD
WP0AA2A75DL015008,Porsche,Panamera,,Panamera,2013,41128,Orlando,FL,"9-24-2017, 4:11",$45998.0,Used,Dealership,https://www.carmax.com/car/15155410/vehicle-history,Black,Black,Automatic,,2013 Porsche Panamera,https://www.carmax.com/car/15155410,3.6L,"Platinum Edition
 Power Liftgate/DeckLid
 Leather Seats
 Parking Sensors
 Rear View Camera
 Navigation System
 Front Seat Heaters
 A/C Seat(s)
 Sunroof(s)
 Satellite Radio Ready
 Auxiliary Audio Input
 Memory Seat(s)
 Rear Seat Heaters
 Overhead Airbags
 ABS Brakes
 Alloy Wheels
 CD Audio
 Power Locks
 Side Airbags
 Traction Control
 20 Inch Plus Wheels
 Air Conditioning
 Power Mirrors
 Cruise Control
 Rear Defroster
 AM/FM Stereo
 Power Windows
 Rear Spoiler
 Automatic Transmission
 Power Seat(s)
 Bluetooth
 SiriusXM Trial Avail
 Rear A/C Seat(s)
 2WD
 Bose Sound System
 ",0,"9-24-2017, 4:11",,2WD
WP1AA2A22CLA02976,Porsche,Cayenne,,Cayenne,2012,49319,Orlando,FL,"9-24-2017, 4:11",$35998.0,Used,Dealership,https://www.carmax.com/car/14277940/vehicle-history,White,Beige,Automatic,,2012 Porsche Cayenne,https://www.carmax.com/car/14277940,3.6L,"Power Liftgate/DeckLid
 4WD/AWD
 Leather Seats
 Satellite Radio Ready
 Navigation System
 Auxiliary Audio Input
 Adjustable Suspension
 Cruise Control
 Alloy Wheels
 Overhead Airbags
 Traction Control
 Side Airbags
 20 Inch Plus Wheels
 AM/FM Stereo
 Rear Defroster
 Air Conditioning
 Power Windows
 ABS Brakes
 Power Locks
 CD Audio
 Power Mirrors
 Automatic Transmission
 Power Seat(s)
 Bluetooth
 SiriusXM Trial Avail
 ",0,"9-24-2017, 4:11",,4WD
